"id_study";"age";"class";"count"
"CU_Aravena et al. 2002_1 1A Saplings random plots or quadrats";"11";"Magnoliopsida";7
"CU_Aravena et al. 2002_1 1A Saplings random plots or quadrats";"112";"Magnoliopsida";8
"CU_Aravena et al. 2002_1 1A Saplings random plots or quadrats";"112";"Pinopsida";1
"CU_Aravena et al. 2002_1 1A Saplings random plots or quadrats";"129";"Magnoliopsida";8
"CU_Aravena et al. 2002_1 1A Saplings random plots or quadrats";"129";"Pinopsida";1
"CU_Aravena et al. 2002_1 1A Saplings random plots or quadrats";"133";"Magnoliopsida";8
"CU_Aravena et al. 2002_1 1A Saplings random plots or quadrats";"134";"Magnoliopsida";9
"CU_Aravena et al. 2002_1 1A Saplings random plots or quadrats";"134";"Pinopsida";1
"CU_Aravena et al. 2002_1 1A Saplings random plots or quadrats";"199";"Magnoliopsida";9
"CU_Aravena et al. 2002_1 1A Saplings random plots or quadrats";"199";"Pinopsida";1
"CU_Aravena et al. 2002_1 1A Saplings random plots or quadrats";"2";"Magnoliopsida";7
"CU_Aravena et al. 2002_1 1A Saplings random plots or quadrats";"2";"Pinopsida";1
"CU_Aravena et al. 2002_1 1A Saplings random plots or quadrats";"40";"Magnoliopsida";9
"CU_Aravena et al. 2002_1 1A Saplings random plots or quadrats";"70";"Magnoliopsida";9
"CU_Aravena et al. 2002_1 1A Saplings random plots or quadrats";"70";"Pinopsida";1
"CU_Aravena et al. 2002_1 1A Seedlings random plots or quadrats";"11";"Magnoliopsida";11
"CU_Aravena et al. 2002_1 1A Seedlings random plots or quadrats";"11";"Pinopsida";1
"CU_Aravena et al. 2002_1 1A Seedlings random plots or quadrats";"112";"Magnoliopsida";10
"CU_Aravena et al. 2002_1 1A Seedlings random plots or quadrats";"112";"Pinopsida";1
"CU_Aravena et al. 2002_1 1A Seedlings random plots or quadrats";"129";"Magnoliopsida";9
"CU_Aravena et al. 2002_1 1A Seedlings random plots or quadrats";"133";"Magnoliopsida";10
"CU_Aravena et al. 2002_1 1A Seedlings random plots or quadrats";"134";"Magnoliopsida";9
"CU_Aravena et al. 2002_1 1A Seedlings random plots or quadrats";"134";"Pinopsida";1
"CU_Aravena et al. 2002_1 1A Seedlings random plots or quadrats";"199";"Magnoliopsida";9
"CU_Aravena et al. 2002_1 1A Seedlings random plots or quadrats";"199";"Pinopsida";1
"CU_Aravena et al. 2002_1 1A Seedlings random plots or quadrats";"2";"Magnoliopsida";8
"CU_Aravena et al. 2002_1 1A Seedlings random plots or quadrats";"40";"Magnoliopsida";8
"CU_Aravena et al. 2002_1 1A Seedlings random plots or quadrats";"70";"Magnoliopsida";8
"CU_Aravena et al. 2002_1 1A Trees (5 cm dbh) random plots or quadrats";"11";"Magnoliopsida";3
"CU_Aravena et al. 2002_1 1A Trees (5 cm dbh) random plots or quadrats";"112";"Magnoliopsida";8
"CU_Aravena et al. 2002_1 1A Trees (5 cm dbh) random plots or quadrats";"112";"Pinopsida";1
"CU_Aravena et al. 2002_1 1A Trees (5 cm dbh) random plots or quadrats";"129";"Magnoliopsida";8
"CU_Aravena et al. 2002_1 1A Trees (5 cm dbh) random plots or quadrats";"129";"Pinopsida";1
"CU_Aravena et al. 2002_1 1A Trees (5 cm dbh) random plots or quadrats";"133";"Magnoliopsida";9
"CU_Aravena et al. 2002_1 1A Trees (5 cm dbh) random plots or quadrats";"134";"Magnoliopsida";12
"CU_Aravena et al. 2002_1 1A Trees (5 cm dbh) random plots or quadrats";"134";"Pinopsida";1
"CU_Aravena et al. 2002_1 1A Trees (5 cm dbh) random plots or quadrats";"199";"Magnoliopsida";11
"CU_Aravena et al. 2002_1 1A Trees (5 cm dbh) random plots or quadrats";"199";"Pinopsida";1
"CU_Aravena et al. 2002_1 1A Trees (5 cm dbh) random plots or quadrats";"2";"Magnoliopsida";3
"CU_Aravena et al. 2002_1 1A Trees (5 cm dbh) random plots or quadrats";"40";"Magnoliopsida";6
"CU_Aravena et al. 2002_1 1A Trees (5 cm dbh) random plots or quadrats";"70";"Magnoliopsida";8
"CU_Aravena et al. 2002_1 1A Trees (5 cm dbh) random plots or quadrats";"70";"Pinopsida";1
"CU_Aravena et al. 2002_1 1A Trees ba (5 cm dbh) random plots or quadrats";"11";"Magnoliopsida";1
"CU_Aravena et al. 2002_1 1A Trees ba (5 cm dbh) random plots or quadrats";"134";"Magnoliopsida";1
"CU_Aravena et al. 2002_1 1A Trees ba (5 cm dbh) random plots or quadrats";"199";"Magnoliopsida";2
"CU_Aravena et al. 2002_1 1A Trees ba (5 cm dbh) random plots or quadrats";"70";"Magnoliopsida";1
"CU_Buckney and Morrison 1992_1 2R Plants random plots or quadrats";"13";"Magnoliopsida";5
"CU_Buckney and Morrison 1992_1 2R Plants random plots or quadrats";"4";"Magnoliopsida";3
"CU_Buckney and Morrison 1992_1 2R Plants random plots or quadrats";"500";"Liliopsida";4
"CU_Buckney and Morrison 1992_1 2R Plants random plots or quadrats";"500";"Magnoliopsida";17
"CU_Buckney and Morrison 1992_1 2R Plants random plots or quadrats";"500";"Polypodiopsida";1
"CU_Buckney and Morrison 1992_1 2R Plants random plots or quadrats";"8.5";"Liliopsida";1
"CU_Buckney and Morrison 1992_1 2R Plants random plots or quadrats";"8.5";"Magnoliopsida";3
"CU_Chapman et al. 1997_1 1A Trees (14 cm dbh) random plots or quadrats";"23";"Magnoliopsida";1
"CU_Chapman et al. 1997_1 1A Trees (14 cm dbh) random plots or quadrats";"500";"Magnoliopsida";3
"CU_Eilu and Obua 2005_1 1A Trees (10 cm dbh) random plots or quadrats";"13";"Magnoliopsida";175
"CU_Eilu and Obua 2005_1 1A Trees (10 cm dbh) random plots or quadrats";"17.5";"Magnoliopsida";18
"CU_Eilu and Obua 2005_1 1A Trees (10 cm dbh) random plots or quadrats";"500";"Magnoliopsida";50
"CU_Fang and Peng 1997_1 2R Trees random plots or quadrats";"100";"Magnoliopsida";4
"CU_Fang and Peng 1997_1 2R Trees random plots or quadrats";"15";"Magnoliopsida";11
"CU_Fang and Peng 1997_1 2R Trees random plots or quadrats";"16";"Magnoliopsida";20
"CU_Fang and Peng 1997_1 2R Trees random plots or quadrats";"17";"Magnoliopsida";23
"CU_Fang and Peng 1997_1 2R Trees random plots or quadrats";"18";"Magnoliopsida";27
"CU_Fang and Peng 1997_1 2R Trees random plots or quadrats";"19";"Magnoliopsida";31
"CU_Fang and Peng 1997_1 2R Trees random plots or quadrats";"20";"Magnoliopsida";28
"CU_Fang and Peng 1997_1 2R Trees random plots or quadrats";"30";"Magnoliopsida";35
"CU_Fang and Peng 1997_1 2R Trees random plots or quadrats_importance value";"15";"Magnoliopsida";1
"CU_Fang and Peng 1997_1 2R Trees random plots or quadrats_importance value";"17";"Magnoliopsida";1
"CU_Fang and Peng 1997_1 2R Trees random plots or quadrats_importance value";"19";"Magnoliopsida";4
"CU_Fang and Peng 1997_1 2R Trees random plots or quadrats_importance value";"30";"Magnoliopsida";1
"CU_Fukushima et al. 2008_1 1A Trees (1 cm dbh) biomass random plots or quadrats";"34.5";"Magnoliopsida";1
"CU_Fukushima et al. 2008_1 1A Trees (1 cm dbh) random plots or quadrats";"24.5";"Magnoliopsida";174
"CU_Fukushima et al. 2008_1 1A Trees (1 cm dbh) random plots or quadrats";"34.5";"Magnoliopsida";178
"CU_Fukushima et al. 2008_1 1A Trees (1 cm dbh) random plots or quadrats";"44.5";"Magnoliopsida";150
"CU_Fukushima et al. 2008_1 1A Trees (1 cm dbh) random plots or quadrats";"500";"Magnoliopsida";185
"CU_Gillison et al. 2003_2 3I Plants random plots or quadrats";"13";"FUNGI";50
"CU_Gillison et al. 2003_2 3I Plants random plots or quadrats";"500";"FUNGI";103
"CU_Grau et al. 1997_1 1A Trees (10 cm dbh) random plots or quadrats";"11.5";"Magnoliopsida";8
"CU_Grau et al. 1997_1 1A Trees (10 cm dbh) random plots or quadrats";"22.5";"Magnoliopsida";21
"CU_Grau et al. 1997_1 1A Trees (10 cm dbh) random plots or quadrats";"47.5";"Magnoliopsida";41
"CU_Grau et al. 1997_1 1A Trees (10 cm dbh) random plots or quadrats";"500";"Magnoliopsida";42
"CU_Ishida et al. 2005_1 3I Plants random plots or quadrats (Castanopsis)";"40";"Liliopsida";2
"CU_Ishida et al. 2005_1 3I Plants random plots or quadrats (Castanopsis)";"40";"Magnoliopsida";7
"CU_Ishida et al. 2005_1 3I Plants random plots or quadrats (Castanopsis)";"500";"Liliopsida";3
"CU_Ishida et al. 2005_1 3I Plants random plots or quadrats (Castanopsis)";"500";"Magnoliopsida";17
"CU_Ishida et al. 2005_1 3I Plants random plots or quadrats (Castanopsis)";"500";"Pinopsida";1
"CU_Ishida et al. 2005_1 3I Plants random plots or quadrats (Castanopsis)";"500";"Polypodiopsida";2
"CU_Ishida et al. 2005_1 3I Plants random plots or quadrats (Quercus)";"40";"Liliopsida";9
"CU_Ishida et al. 2005_1 3I Plants random plots or quadrats (Quercus)";"40";"Magnoliopsida";36
"CU_Ishida et al. 2005_1 3I Plants random plots or quadrats (Quercus)";"40";"Pinopsida";1
"CU_Ishida et al. 2005_1 3I Plants random plots or quadrats (Quercus)";"40";"Polypodiopsida";3
"CU_Ishida et al. 2005_1 3I Plants random plots or quadrats (Quercus)";"500";"Liliopsida";11
"CU_Ishida et al. 2005_1 3I Plants random plots or quadrats (Quercus)";"500";"Lycopodiopsida";1
"CU_Ishida et al. 2005_1 3I Plants random plots or quadrats (Quercus)";"500";"Magnoliopsida";50
"CU_Ishida et al. 2005_1 3I Plants random plots or quadrats (Quercus)";"500";"Pinopsida";2
"CU_Ishida et al. 2005_1 3I Plants random plots or quadrats (Quercus)";"500";"Polypodiopsida";6
"CU_Kennard 2002_1 2R Plants random plots or quadrats";"1";"Magnoliopsida";14
"CU_Kennard 2002_1 2R Plants random plots or quadrats";"10";"Magnoliopsida";25
"CU_Kennard 2002_1 2R Plants random plots or quadrats";"15";"Magnoliopsida";30
"CU_Kennard 2002_1 2R Plants random plots or quadrats";"2";"Magnoliopsida";14
"CU_Kennard 2002_1 2R Plants random plots or quadrats";"20";"Magnoliopsida";29
"CU_Kennard 2002_1 2R Plants random plots or quadrats";"23";"Magnoliopsida";26
"CU_Kennard 2002_1 2R Plants random plots or quadrats";"3";"Magnoliopsida";21
"CU_Kennard 2002_1 2R Plants random plots or quadrats";"30";"Magnoliopsida";28
"CU_Kennard 2002_1 2R Plants random plots or quadrats";"40";"Magnoliopsida";25
"CU_Kennard 2002_1 2R Plants random plots or quadrats";"5";"Magnoliopsida";29
"CU_Kennard 2002_1 2R Plants random plots or quadrats";"50";"Magnoliopsida";26
"CU_Kennard 2002_1 2R Plants random plots or quadrats";"500";"Magnoliopsida";19
"CU_Kennard 2002_1 2R Plants random plots or quadrats";"7";"Magnoliopsida";25
"CU_Liebsch et al. 2008 Liebsch et al. 2007_Guapyassu 1994";"120";"Magnoliopsida";57
"CU_Liebsch et al. 2008 Liebsch et al. 2007_Guapyassu 1994";"14";"Magnoliopsida";24
"CU_Liebsch et al. 2008 Liebsch et al. 2007_Guapyassu 1994";"25";"Magnoliopsida";37
"CU_Parrotta and Knowles 2001_1 3I Plants random plots or quadrats";"10";"Liliopsida";7
"CU_Parrotta and Knowles 2001_1 3I Plants random plots or quadrats";"10";"Magnoliopsida";204
"CU_Parrotta and Knowles 2001_1 3I Plants random plots or quadrats";"11";"Liliopsida";3
"CU_Parrotta and Knowles 2001_1 3I Plants random plots or quadrats";"11";"Magnoliopsida";188
"CU_Parrotta and Knowles 2001_1 3I Plants random plots or quadrats";"500";"Liliopsida";5
"CU_Parrotta and Knowles 2001_1 3I Plants random plots or quadrats";"500";"Magnoliopsida";158
"CU_Parrotta and Knowles 2001_1 3I Plants random plots or quadrats";"9";"Liliopsida";1
"CU_Parrotta and Knowles 2001_1 3I Plants random plots or quadrats";"9";"Magnoliopsida";40
"CU_Pascarella et al. 2000_1 2R Trees and shrubs random plots or quadrats";"13";"Magnoliopsida";1
"CU_Pascarella et al. 2000_1 2R Trees and shrubs random plots or quadrats";"77";"Magnoliopsida";3
"CU_Pascarella et al. 2000_1 2R Trees and shrubs random plots or quadrats";"80";"Magnoliopsida";3
"CU_Powers et al. 2009_1 3I Trees (10 cm dbh) random plots or quadrats";"100";"Magnoliopsida";51
"CU_Powers et al. 2009_1 3I Trees (10 cm dbh) random plots or quadrats";"11";"Magnoliopsida";14
"CU_Powers et al. 2009_1 3I Trees (10 cm dbh) random plots or quadrats";"12";"Magnoliopsida";9
"CU_Powers et al. 2009_1 3I Trees (10 cm dbh) random plots or quadrats";"13";"Magnoliopsida";11
"CU_Powers et al. 2009_1 3I Trees (10 cm dbh) random plots or quadrats";"15";"Magnoliopsida";19
"CU_Powers et al. 2009_1 3I Trees (10 cm dbh) random plots or quadrats";"17";"Magnoliopsida";12
"CU_Powers et al. 2009_1 3I Trees (10 cm dbh) random plots or quadrats";"20";"Magnoliopsida";16
"CU_Powers et al. 2009_1 3I Trees (10 cm dbh) random plots or quadrats";"23";"Magnoliopsida";52
"CU_Powers et al. 2009_1 3I Trees (10 cm dbh) random plots or quadrats";"25";"Magnoliopsida";46
"CU_Powers et al. 2009_1 3I Trees (10 cm dbh) random plots or quadrats";"35";"Liliopsida";1
"CU_Powers et al. 2009_1 3I Trees (10 cm dbh) random plots or quadrats";"35";"Magnoliopsida";57
"CU_Powers et al. 2009_1 3I Trees (10 cm dbh) random plots or quadrats";"37";"Magnoliopsida";42
"CU_Powers et al. 2009_1 3I Trees (10 cm dbh) random plots or quadrats";"6";"Liliopsida";1
"CU_Powers et al. 2009_1 3I Trees (10 cm dbh) random plots or quadrats";"6";"Magnoliopsida";9
"CU_Powers et al. 2009_1 3I Trees (10 cm dbh) random plots or quadrats";"60";"Magnoliopsida";35
"CU_Powers et al. 2009_1 3I Trees (10 cm dbh) random plots or quadrats";"8";"Magnoliopsida";7
"CU_Powers et al. 2009_SROAK";"10";"Magnoliopsida";1
"CU_Powers et al. 2009_SROAK";"11";"Magnoliopsida";4
"CU_Powers et al. 2009_SROAK";"12";"Magnoliopsida";3
"CU_Powers et al. 2009_SROAK";"15";"Magnoliopsida";7
"CU_Powers et al. 2009_SROAK";"18";"Magnoliopsida";25
"CU_Powers et al. 2009_SROAK";"21";"Magnoliopsida";6
"CU_Powers et al. 2009_SROAK";"25";"Magnoliopsida";33
"CU_Powers et al. 2009_SROAK";"30";"Magnoliopsida";32
"CU_Powers et al. 2009_SROAK";"5";"Magnoliopsida";16
"CU_Purata 1986_1 2R Herbs (5% cover) random plots or quadrats";"1";"Magnoliopsida";3
"CU_Purata 1986_1 2R Herbs (5% cover) random plots or quadrats";"12";"Magnoliopsida";1
"CU_Purata 1986_1 2R Herbs (5% cover) random plots or quadrats";"2";"Liliopsida";6
"CU_Purata 1986_1 2R Herbs (5% cover) random plots or quadrats";"2";"Magnoliopsida";8
"CU_Purata 1986_1 2R Herbs (5% cover) random plots or quadrats";"3";"Liliopsida";9
"CU_Purata 1986_1 2R Herbs (5% cover) random plots or quadrats";"3";"Magnoliopsida";16
"CU_Purata 1986_1 2R Herbs (5% cover) random plots or quadrats";"4";"Liliopsida";2
"CU_Purata 1986_1 2R Herbs (5% cover) random plots or quadrats";"4";"Magnoliopsida";6
"CU_Purata 1986_1 2R Herbs (5% cover) random plots or quadrats";"5";"Liliopsida";3
"CU_Purata 1986_1 2R Herbs (5% cover) random plots or quadrats";"5";"Magnoliopsida";5
"CU_Purata 1986_1 2R Herbs (5% cover) random plots or quadrats";"6";"Liliopsida";3
"CU_Purata 1986_1 2R Herbs (5% cover) random plots or quadrats";"6";"Magnoliopsida";5
"CU_Purata 1986_1 2R Palms (10% cover) random plots or quadrats";"12";"Magnoliopsida";1
"CU_Purata 1986_1 2R Palms (10% cover) random plots or quadrats";"2";"Magnoliopsida";1
"CU_Purata 1986_1 2R Palms (10% cover) random plots or quadrats";"3";"Liliopsida";1
"CU_Purata 1986_1 2R Palms (10% cover) random plots or quadrats";"3";"Magnoliopsida";2
"CU_Purata 1986_1 2R Palms (10% cover) random plots or quadrats";"4";"Liliopsida";1
"CU_Purata 1986_1 2R Palms (10% cover) random plots or quadrats";"5";"Liliopsida";4
"CU_Purata 1986_1 2R Palms (10% cover) random plots or quadrats";"5";"Magnoliopsida";1
"CU_Purata 1986_1 2R Palms (10% cover) random plots or quadrats";"6";"Liliopsida";5
"CU_Purata 1986_1 2R Palms (10% cover) random plots or quadrats";"6";"Magnoliopsida";2
"CU_Purata 1986_1 2R Shrubs (5% cover) random plots or quadrats";"1";"Magnoliopsida";2
"CU_Purata 1986_1 2R Shrubs (5% cover) random plots or quadrats";"12";"Magnoliopsida";10
"CU_Purata 1986_1 2R Shrubs (5% cover) random plots or quadrats";"2";"Magnoliopsida";34
"CU_Purata 1986_1 2R Shrubs (5% cover) random plots or quadrats";"3";"Magnoliopsida";57
"CU_Purata 1986_1 2R Shrubs (5% cover) random plots or quadrats";"4";"Magnoliopsida";13
"CU_Purata 1986_1 2R Shrubs (5% cover) random plots or quadrats";"5";"Magnoliopsida";27
"CU_Purata 1986_1 2R Shrubs (5% cover) random plots or quadrats";"6";"Magnoliopsida";20
"CU_Purata 1986_1 2R Trees (10% cover) random plots or quadrats";"12";"Magnoliopsida";13
"CU_Purata 1986_1 2R Trees (10% cover) random plots or quadrats";"2";"Magnoliopsida";18
"CU_Purata 1986_1 2R Trees (10% cover) random plots or quadrats";"3";"Magnoliopsida";64
"CU_Purata 1986_1 2R Trees (10% cover) random plots or quadrats";"4";"Magnoliopsida";18
"CU_Purata 1986_1 2R Trees (10% cover) random plots or quadrats";"5";"Magnoliopsida";50
"CU_Purata 1986_1 2R Trees (10% cover) random plots or quadrats";"6";"Magnoliopsida";34
"CU_Stark et al. 2006_1 2R Plants random plots or quadrats_age 1";NA;"FUNGI";161
"CU_Stark et al. 2006_1 2R Plants random plots or quadrats_age 10";NA;"FUNGI";80
"CU_Stark et al. 2006_1 2R Plants random plots or quadrats_age 5";NA;"FUNGI";35
"HU_Upadhaya et al. 2015_density";"500";"Magnoliopsida";23
"HU_Upadhaya et al. 2015_density";"60";"Liliopsida";1
"HU_Upadhaya et al. 2015_density";"60";"Magnoliopsida";31
"HU_Upadhaya et al. 2015_imp value";"60";"Magnoliopsida";2
"HU_Webb and Sah 2003_Ground cover";"0";"Magnoliopsida";13
"HU_Webb and Sah 2003_Ground cover";"0";"No identified";4
"HU_Webb and Sah 2003_Ground cover";"20";"Liliopsida";2
"HU_Webb and Sah 2003_Ground cover";"20";"Magnoliopsida";15
"HU_Webb and Sah 2003_Ground cover";"20";"No identified";3
"HU_Webb and Sah 2003_Ground cover";"60";"Liliopsida";3
"HU_Webb and Sah 2003_Ground cover";"60";"Magnoliopsida";14
"HU_Webb and Sah 2003_Saplings";"0";"Magnoliopsida";5
"HU_Webb and Sah 2003_Saplings";"20";"Magnoliopsida";7
"HU_Webb and Sah 2003_Saplings";"60";"Magnoliopsida";8
"HU_Webb and Sah 2003_Saplings";"60";"No identified";1
"HU_Webb and Sah 2003_Trees";"20";"Magnoliopsida";2
"HU_Webb and Sah 2003_Trees";"60";"Magnoliopsida";4
"PR_Baeten et al. 2010_Baeten Belgium vegetation recovery";"1";"Liliopsida";21
"PR_Baeten et al. 2010_Baeten Belgium vegetation recovery";"1";"Magnoliopsida";37
"PR_Baeten et al. 2010_Baeten Belgium vegetation recovery";"2";"Liliopsida";13
"PR_Baeten et al. 2010_Baeten Belgium vegetation recovery";"2";"Magnoliopsida";14
"PR_Baeten et al. 2010_Baeten Belgium vegetation recovery";"3";"Liliopsida";16
"PR_Baeten et al. 2010_Baeten Belgium vegetation recovery";"3";"Magnoliopsida";38
"PR_Baeten et al. 2010_Baeten Belgium vegetation recovery";"4";"Liliopsida";12
"PR_Baeten et al. 2010_Baeten Belgium vegetation recovery";"4";"Magnoliopsida";27
"PR_Baeten et al. 2010_Baeten Belgium vegetation recovery";"5";"Liliopsida";8
"PR_Baeten et al. 2010_Baeten Belgium vegetation recovery";"5";"Magnoliopsida";12
"PR_Baeten et al. 2010a_Ancient and post agricultural forests_Belgium";"147";"Bryopsida";55
"PR_Baeten et al. 2010a_Ancient and post agricultural forests_Belgium";"147";"Jungermanniopsida";14
"PR_Baeten et al. 2010a_Ancient and post agricultural forests_Belgium";"147";"Liliopsida";33
"PR_Baeten et al. 2010a_Ancient and post agricultural forests_Belgium";"147";"Magnoliopsida";442
"PR_Baeten et al. 2010a_Ancient and post agricultural forests_Belgium";"147";"Polypodiopsida";19
"PR_Baeten et al. 2010a_Ancient and post agricultural forests_Belgium";"234";"Bryopsida";38
"PR_Baeten et al. 2010a_Ancient and post agricultural forests_Belgium";"234";"Jungermanniopsida";8
"PR_Baeten et al. 2010a_Ancient and post agricultural forests_Belgium";"234";"Liliopsida";28
"PR_Baeten et al. 2010a_Ancient and post agricultural forests_Belgium";"234";"Magnoliopsida";498
"PR_Baeten et al. 2010a_Ancient and post agricultural forests_Belgium";"234";"Polypodiopsida";21
"PR_Berry et al. 2010_Berry Borneo trees 2.5cm";"17";"Liliopsida";2
"PR_Berry et al. 2010_Berry Borneo trees 2.5cm";"17";"Magnoliopsida";930
"PR_Berry et al. 2010_Berry Borneo trees 2.5cm";"18";"Bryopsida";1
"PR_Berry et al. 2010_Berry Borneo trees 2.5cm";"18";"Magnoliopsida";497
"PR_Berry et al. 2010_Berry Borneo trees 2.5cm";"500";"Liliopsida";1
"PR_Berry et al. 2010_Berry Borneo trees 2.5cm";"500";"Magnoliopsida";1397
"PR_Berry et al. 2010_Berry Borneo trees 30cm";"17";"Liliopsida";2
"PR_Berry et al. 2010_Berry Borneo trees 30cm";"17";"Magnoliopsida";203
"PR_Berry et al. 2010_Berry Borneo trees 30cm";"18";"Magnoliopsida";48
"PR_Berry et al. 2010_Berry Borneo trees 30cm";"500";"Liliopsida";1
"PR_Berry et al. 2010_Berry Borneo trees 30cm";"500";"Magnoliopsida";191
"PR_Brearley 2011_BorneoSecondaryVeg";"14";"Magnoliopsida";41
"PR_Brearley 2011_BorneoSecondaryVeg";"21";"Bryopsida";1
"PR_Brearley 2011_BorneoSecondaryVeg";"21";"Magnoliopsida";125
"PR_Brearley 2011_BorneoSecondaryVeg";"3";"Bryopsida";1
"PR_Brearley 2011_BorneoSecondaryVeg";"3";"Liliopsida";3
"PR_Brearley 2011_BorneoSecondaryVeg";"3";"Magnoliopsida";25
"PR_Brearley 2011_BorneoSecondaryVeg";"31";"Liliopsida";4
"PR_Brearley 2011_BorneoSecondaryVeg";"31";"Magnoliopsida";137
"PR_Brearley 2011_BorneoSecondaryVeg";"6";"Bryopsida";1
"PR_Brearley 2011_BorneoSecondaryVeg";"6";"Magnoliopsida";35
"PR_Calvino-Cancela et al. 2012_Herbs & Ferns";"150";"Liliopsida";5
"PR_Calvino-Cancela et al. 2012_Herbs & Ferns";"150";"Magnoliopsida";20
"PR_Calvino-Cancela et al. 2012_Herbs & Ferns";"150";"Polypodiopsida";10
"PR_Calvino-Cancela et al. 2012_Herbs & Ferns";"17.5";"Liliopsida";11
"PR_Calvino-Cancela et al. 2012_Herbs & Ferns";"17.5";"Magnoliopsida";1
"PR_Calvino-Cancela et al. 2012_Herbs & Ferns";"17.5";"Polypodiopsida";3
"PR_Calvino-Cancela et al. 2012_Herbs & Ferns";"25";"Liliopsida";10
"PR_Calvino-Cancela et al. 2012_Herbs & Ferns";"25";"Magnoliopsida";4
"PR_Calvino-Cancela et al. 2012_Herbs & Ferns";"25";"Polypodiopsida";4
"PR_Calvino-Cancela et al. 2012_Herbs & Ferns";"6.5";"Liliopsida";23
"PR_Calvino-Cancela et al. 2012_Herbs & Ferns";"6.5";"Magnoliopsida";17
"PR_Calvino-Cancela et al. 2012_Herbs & Ferns";"6.5";"Polypodiopsida";4
"PR_Calvino-Cancela et al. 2012_Herbs & Ferns";"60";"Liliopsida";13
"PR_Calvino-Cancela et al. 2012_Herbs & Ferns";"60";"Magnoliopsida";8
"PR_Calvino-Cancela et al. 2012_Herbs & Ferns";"60";"Polypodiopsida";5
"PR_Calvino-Cancela et al. 2012_Shrubs & Trees";"150";"Liliopsida";4
"PR_Calvino-Cancela et al. 2012_Shrubs & Trees";"150";"Magnoliopsida";47
"PR_Calvino-Cancela et al. 2012_Shrubs & Trees";"17.5";"Magnoliopsida";29
"PR_Calvino-Cancela et al. 2012_Shrubs & Trees";"17.5";"Pinopsida";2
"PR_Calvino-Cancela et al. 2012_Shrubs & Trees";"25";"Magnoliopsida";43
"PR_Calvino-Cancela et al. 2012_Shrubs & Trees";"25";"Pinopsida";2
"PR_Calvino-Cancela et al. 2012_Shrubs & Trees";"6.5";"Magnoliopsida";35
"PR_Calvino-Cancela et al. 2012_Shrubs & Trees";"60";"Magnoliopsida";40
"PR_Calvino-Cancela et al. 2012_Shrubs & Trees";"60";"Pinopsida";4
"PR_Carvalho et al. 2010_Palm trees";"27.5";"Jungermanniopsida";1
"PR_Carvalho et al. 2010_Palm trees";"27.5";"Liliopsida";2
"PR_Carvalho et al. 2010_Palm trees";"27.5";"Magnoliopsida";4
"PR_Carvalho et al. 2010_Palm trees";"37.5";"Jungermanniopsida";1
"PR_Carvalho et al. 2010_Palm trees";"37.5";"Magnoliopsida";3
"PR_Carvalho et al. 2010_Palm trees";"500";"Liliopsida";5
"PR_Carvalho et al. 2010_Palm trees";"500";"Magnoliopsida";3
"PR_Carvalho et al. 2010_Palm trees";"7.5";"Liliopsida";2
"PR_Carvalho et al. 2010_Palm trees";"7.5";"Magnoliopsida";3
"PR_Hylander and Weibull 2012_Bryophytes 2009";"10.5";"Andreaeopsida";7
"PR_Hylander and Weibull 2012_Bryophytes 2009";"10.5";"Bryopsida";612
"PR_Hylander and Weibull 2012_Bryophytes 2009";"10.5";"Jungermanniopsida";350
"PR_Hylander and Weibull 2012_Bryophytes 2009";"10.5";"Magnoliopsida";1
"PR_Hylander and Weibull 2012_Bryophytes 2009";"10.5";"Marchantiopsida";6
"PR_Hylander and Weibull 2012_Bryophytes 2009";"10.5";"Polypodiopsida";7
"PR_Hylander and Weibull 2012_Bryophytes 2009";"10.5";"Polytrichopsida";76
"PR_Hylander and Weibull 2012_Bryophytes 2009";"10.5";"Sphagnopsida";63
"PR_Hylander and Weibull 2012_Bryophytes 2009";"126";"Andreaeopsida";7
"PR_Hylander and Weibull 2012_Bryophytes 2009";"126";"Bryopsida";615
"PR_Hylander and Weibull 2012_Bryophytes 2009";"126";"Jungermanniopsida";377
"PR_Hylander and Weibull 2012_Bryophytes 2009";"126";"Marchantiopsida";7
"PR_Hylander and Weibull 2012_Bryophytes 2009";"126";"Polypodiopsida";10
"PR_Hylander and Weibull 2012_Bryophytes 2009";"126";"Polytrichopsida";70
"PR_Hylander and Weibull 2012_Bryophytes 2009";"126";"Sphagnopsida";66
"PR_Hylander and Weibull 2012_Bryophytes 2009";"500";"Andreaeopsida";7
"PR_Hylander and Weibull 2012_Bryophytes 2009";"500";"Bryopsida";454
"PR_Hylander and Weibull 2012_Bryophytes 2009";"500";"Haplomitriopsida";1
"PR_Hylander and Weibull 2012_Bryophytes 2009";"500";"Jungermanniopsida";342
"PR_Hylander and Weibull 2012_Bryophytes 2009";"500";"Marchantiopsida";2
"PR_Hylander and Weibull 2012_Bryophytes 2009";"500";"Polypodiopsida";3
"PR_Hylander and Weibull 2012_Bryophytes 2009";"500";"Polytrichopsida";44
"PR_Hylander and Weibull 2012_Bryophytes 2009";"500";"Sphagnopsida";56
"PR_Katovai et al. 2012_Understory plants, Solomon Islands";"100";"Bryopsida";3
"PR_Katovai et al. 2012_Understory plants, Solomon Islands";"100";"Gnetopsida";13
"PR_Katovai et al. 2012_Understory plants, Solomon Islands";"100";"Liliopsida";152
"PR_Katovai et al. 2012_Understory plants, Solomon Islands";"100";"Lycopodiopsida";12
"PR_Katovai et al. 2012_Understory plants, Solomon Islands";"100";"Magnoliopsida";367
"PR_Katovai et al. 2012_Understory plants, Solomon Islands";"100";"Polypodiopsida";67
"PR_Katovai et al. 2012_Understory plants, Solomon Islands";"18";"Gnetopsida";18
"PR_Katovai et al. 2012_Understory plants, Solomon Islands";"18";"Jungermanniopsida";3
"PR_Katovai et al. 2012_Understory plants, Solomon Islands";"18";"Liliopsida";125
"PR_Katovai et al. 2012_Understory plants, Solomon Islands";"18";"Lycopodiopsida";6
"PR_Katovai et al. 2012_Understory plants, Solomon Islands";"18";"Magnoliopsida";296
"PR_Katovai et al. 2012_Understory plants, Solomon Islands";"18";"Polypodiopsida";62
"PR_Katovai et al. 2012_Understory plants, Solomon Islands";"5";"Bryopsida";1
"PR_Katovai et al. 2012_Understory plants, Solomon Islands";"5";"Liliopsida";116
"PR_Katovai et al. 2012_Understory plants, Solomon Islands";"5";"Lycopodiopsida";10
"PR_Katovai et al. 2012_Understory plants, Solomon Islands";"5";"Magnoliopsida";237
"PR_Katovai et al. 2012_Understory plants, Solomon Islands";"5";"Polypodiopsida";84
"PR_Katovai et al. 2012_Understory plants, Solomon Islands";"500";"Gnetopsida";3
"PR_Katovai et al. 2012_Understory plants, Solomon Islands";"500";"Liliopsida";35
"PR_Katovai et al. 2012_Understory plants, Solomon Islands";"500";"Lycopodiopsida";3
"PR_Katovai et al. 2012_Understory plants, Solomon Islands";"500";"Magnoliopsida";65
"PR_Katovai et al. 2012_Understory plants, Solomon Islands";"500";"Polypodiopsida";24
"PR_Letcher and Chazdon 2009_Forest recovery Costa Rica";"10";"Liliopsida";6
"PR_Letcher and Chazdon 2009_Forest recovery Costa Rica";"10";"Magnoliopsida";183
"PR_Letcher and Chazdon 2009_Forest recovery Costa Rica";"10";"Polypodiopsida";1
"PR_Letcher and Chazdon 2009_Forest recovery Costa Rica";"11";"Liliopsida";8
"PR_Letcher and Chazdon 2009_Forest recovery Costa Rica";"11";"Magnoliopsida";114
"PR_Letcher and Chazdon 2009_Forest recovery Costa Rica";"14";"Liliopsida";2
"PR_Letcher and Chazdon 2009_Forest recovery Costa Rica";"14";"Magnoliopsida";59
"PR_Letcher and Chazdon 2009_Forest recovery Costa Rica";"14";"Polypodiopsida";2
"PR_Letcher and Chazdon 2009_Forest recovery Costa Rica";"16";"Liliopsida";6
"PR_Letcher and Chazdon 2009_Forest recovery Costa Rica";"16";"Magnoliopsida";85
"PR_Letcher and Chazdon 2009_Forest recovery Costa Rica";"16";"Polypodiopsida";1
"PR_Letcher and Chazdon 2009_Forest recovery Costa Rica";"18";"Liliopsida";11
"PR_Letcher and Chazdon 2009_Forest recovery Costa Rica";"18";"Magnoliopsida";190
"PR_Letcher and Chazdon 2009_Forest recovery Costa Rica";"18";"Polypodiopsida";2
"PR_Letcher and Chazdon 2009_Forest recovery Costa Rica";"19";"Liliopsida";10
"PR_Letcher and Chazdon 2009_Forest recovery Costa Rica";"19";"Magnoliopsida";104
"PR_Letcher and Chazdon 2009_Forest recovery Costa Rica";"19";"Polypodiopsida";1
"PR_Letcher and Chazdon 2009_Forest recovery Costa Rica";"21";"Liliopsida";7
"PR_Letcher and Chazdon 2009_Forest recovery Costa Rica";"21";"Magnoliopsida";60
"PR_Letcher and Chazdon 2009_Forest recovery Costa Rica";"21";"Polypodiopsida";2
"PR_Letcher and Chazdon 2009_Forest recovery Costa Rica";"23";"Liliopsida";5
"PR_Letcher and Chazdon 2009_Forest recovery Costa Rica";"23";"Magnoliopsida";79
"PR_Letcher and Chazdon 2009_Forest recovery Costa Rica";"23";"Polypodiopsida";1
"PR_Letcher and Chazdon 2009_Forest recovery Costa Rica";"24";"Liliopsida";10
"PR_Letcher and Chazdon 2009_Forest recovery Costa Rica";"24";"Magnoliopsida";146
"PR_Letcher and Chazdon 2009_Forest recovery Costa Rica";"24";"Polypodiopsida";3
"PR_Letcher and Chazdon 2009_Forest recovery Costa Rica";"25";"Liliopsida";4
"PR_Letcher and Chazdon 2009_Forest recovery Costa Rica";"25";"Magnoliopsida";55
"PR_Letcher and Chazdon 2009_Forest recovery Costa Rica";"27";"Liliopsida";9
"PR_Letcher and Chazdon 2009_Forest recovery Costa Rica";"27";"Magnoliopsida";69
"PR_Letcher and Chazdon 2009_Forest recovery Costa Rica";"27";"Polypodiopsida";1
"PR_Letcher and Chazdon 2009_Forest recovery Costa Rica";"34";"Gnetopsida";1
"PR_Letcher and Chazdon 2009_Forest recovery Costa Rica";"34";"Liliopsida";3
"PR_Letcher and Chazdon 2009_Forest recovery Costa Rica";"34";"Magnoliopsida";77
"PR_Letcher and Chazdon 2009_Forest recovery Costa Rica";"34";"Polypodiopsida";1
"PR_Letcher and Chazdon 2009_Forest recovery Costa Rica";"35";"Liliopsida";14
"PR_Letcher and Chazdon 2009_Forest recovery Costa Rica";"35";"Magnoliopsida";201
"PR_Letcher and Chazdon 2009_Forest recovery Costa Rica";"42";"Liliopsida";13
"PR_Letcher and Chazdon 2009_Forest recovery Costa Rica";"42";"Magnoliopsida";222
"PR_Letcher and Chazdon 2009_Forest recovery Costa Rica";"42";"Polypodiopsida";2
"PR_Letcher and Chazdon 2009_Forest recovery Costa Rica";"500";"Gnetopsida";1
"PR_Letcher and Chazdon 2009_Forest recovery Costa Rica";"500";"Liliopsida";72
"PR_Letcher and Chazdon 2009_Forest recovery Costa Rica";"500";"Magnoliopsida";631
"PR_Letcher and Chazdon 2009_Forest recovery Costa Rica";"500";"Polypodiopsida";2
"PR_Lopez-Quintero et al. 2012_Plants_Lopez";"18";"Magnoliopsida";15
"PR_Lopez-Quintero et al. 2012_Plants_Lopez";"23";"Magnoliopsida";16
"PR_Lopez-Quintero et al. 2012_Plants_Lopez";"30";"Bryopsida";1
"PR_Lopez-Quintero et al. 2012_Plants_Lopez";"30";"Liliopsida";1
"PR_Lopez-Quintero et al. 2012_Plants_Lopez";"30";"Magnoliopsida";16
"PR_Lopez-Quintero et al. 2012_Plants_Lopez";"36";"Bryopsida";1
"PR_Lopez-Quintero et al. 2012_Plants_Lopez";"36";"Liliopsida";12
"PR_Lopez-Quintero et al. 2012_Plants_Lopez";"36";"Magnoliopsida";69
"PR_Lopez-Quintero et al. 2012_Plants_Lopez";"36";"Sphagnopsida";1
"PR_Lopez-Quintero et al. 2012_Plants_Lopez";"42";"Liliopsida";1
"PR_Lopez-Quintero et al. 2012_Plants_Lopez";"42";"Magnoliopsida";18
"PR_Lopez-Quintero et al. 2012_Plants_Lopez";"500";"Bryopsida";11
"PR_Lopez-Quintero et al. 2012_Plants_Lopez";"500";"Jungermanniopsida";9
"PR_Lopez-Quintero et al. 2012_Plants_Lopez";"500";"Liliopsida";36
"PR_Lopez-Quintero et al. 2012_Plants_Lopez";"500";"Magnoliopsida";517
"PR_Lopez-Quintero et al. 2012_Plants_Lopez";"500";"Pinopsida";1
"PR_Lopez-Quintero et al. 2012_Plants_Lopez";"500";"Polypodiopsida";8
"PR_Lopez-Quintero et al. 2012_Plants_Lopez";"500";"Sphagnopsida";2
"PR_McNamara et al. 2012_McNamara Laos fallow";"500";"Magnoliopsida";6
"PR_McNamara et al. 2012_McNamara Laos fallow";"8.5";"Magnoliopsida";2
"PR_Noske et al. 2008_Epiphytes Ecuador";"50";"Liliopsida";1
"PR_Sheil et al. 2002_CIFOR_Indonesia_herbs";"0";"Gnetopsida";2
"PR_Sheil et al. 2002_CIFOR_Indonesia_herbs";"0";"Jungermanniopsida";1
"PR_Sheil et al. 2002_CIFOR_Indonesia_herbs";"0";"Liliopsida";38
"PR_Sheil et al. 2002_CIFOR_Indonesia_herbs";"0";"Magnoliopsida";102
"PR_Sheil et al. 2002_CIFOR_Indonesia_herbs";"0";"Polypodiopsida";4
"PR_Sheil et al. 2002_CIFOR_Indonesia_herbs";"1";"Gnetopsida";2
"PR_Sheil et al. 2002_CIFOR_Indonesia_herbs";"1";"Liliopsida";56
"PR_Sheil et al. 2002_CIFOR_Indonesia_herbs";"1";"Lycopodiopsida";1
"PR_Sheil et al. 2002_CIFOR_Indonesia_herbs";"1";"Magnoliopsida";103
"PR_Sheil et al. 2002_CIFOR_Indonesia_herbs";"1";"Polypodiopsida";22
"PR_Sheil et al. 2002_CIFOR_Indonesia_herbs";"1.5";"Liliopsida";13
"PR_Sheil et al. 2002_CIFOR_Indonesia_herbs";"1.5";"Magnoliopsida";34
"PR_Sheil et al. 2002_CIFOR_Indonesia_herbs";"1.5";"Polypodiopsida";4
"PR_Sheil et al. 2002_CIFOR_Indonesia_herbs";"10";"Bryopsida";1
"PR_Sheil et al. 2002_CIFOR_Indonesia_herbs";"10";"Liliopsida";36
"PR_Sheil et al. 2002_CIFOR_Indonesia_herbs";"10";"Magnoliopsida";56
"PR_Sheil et al. 2002_CIFOR_Indonesia_herbs";"10";"Polypodiopsida";7
"PR_Sheil et al. 2002_CIFOR_Indonesia_herbs";"12";"Bryopsida";1
"PR_Sheil et al. 2002_CIFOR_Indonesia_herbs";"12";"Gnetopsida";1
"PR_Sheil et al. 2002_CIFOR_Indonesia_herbs";"12";"Liliopsida";51
"PR_Sheil et al. 2002_CIFOR_Indonesia_herbs";"12";"Lycopodiopsida";1
"PR_Sheil et al. 2002_CIFOR_Indonesia_herbs";"12";"Magnoliopsida";103
"PR_Sheil et al. 2002_CIFOR_Indonesia_herbs";"12";"Polypodiopsida";9
"PR_Sheil et al. 2002_CIFOR_Indonesia_herbs";"15";"Gnetopsida";1
"PR_Sheil et al. 2002_CIFOR_Indonesia_herbs";"15";"Liliopsida";23
"PR_Sheil et al. 2002_CIFOR_Indonesia_herbs";"15";"Lycopodiopsida";1
"PR_Sheil et al. 2002_CIFOR_Indonesia_herbs";"15";"Magnoliopsida";33
"PR_Sheil et al. 2002_CIFOR_Indonesia_herbs";"15";"Polypodiopsida";8
"PR_Sheil et al. 2002_CIFOR_Indonesia_herbs";"18";"Bryopsida";1
"PR_Sheil et al. 2002_CIFOR_Indonesia_herbs";"18";"Gnetopsida";1
"PR_Sheil et al. 2002_CIFOR_Indonesia_herbs";"18";"Liliopsida";28
"PR_Sheil et al. 2002_CIFOR_Indonesia_herbs";"18";"Magnoliopsida";62
"PR_Sheil et al. 2002_CIFOR_Indonesia_herbs";"18";"Polypodiopsida";8
"PR_Sheil et al. 2002_CIFOR_Indonesia_herbs";"19";"Gnetopsida";1
"PR_Sheil et al. 2002_CIFOR_Indonesia_herbs";"19";"Liliopsida";53
"PR_Sheil et al. 2002_CIFOR_Indonesia_herbs";"19";"Lycopodiopsida";2
"PR_Sheil et al. 2002_CIFOR_Indonesia_herbs";"19";"Magnoliopsida";94
"PR_Sheil et al. 2002_CIFOR_Indonesia_herbs";"19";"Pinopsida";1
"PR_Sheil et al. 2002_CIFOR_Indonesia_herbs";"19";"Polypodiopsida";17
"PR_Sheil et al. 2002_CIFOR_Indonesia_herbs";"2";"Jungermanniopsida";1
"PR_Sheil et al. 2002_CIFOR_Indonesia_herbs";"2";"Liliopsida";43
"PR_Sheil et al. 2002_CIFOR_Indonesia_herbs";"2";"Lycopodiopsida";3
"PR_Sheil et al. 2002_CIFOR_Indonesia_herbs";"2";"Magnoliopsida";86
"PR_Sheil et al. 2002_CIFOR_Indonesia_herbs";"2";"Polypodiopsida";16
"PR_Sheil et al. 2002_CIFOR_Indonesia_herbs";"20";"Bryopsida";1
"PR_Sheil et al. 2002_CIFOR_Indonesia_herbs";"20";"Liliopsida";25
"PR_Sheil et al. 2002_CIFOR_Indonesia_herbs";"20";"Magnoliopsida";66
"PR_Sheil et al. 2002_CIFOR_Indonesia_herbs";"20";"Polypodiopsida";6
"PR_Sheil et al. 2002_CIFOR_Indonesia_herbs";"22";"Liliopsida";10
"PR_Sheil et al. 2002_CIFOR_Indonesia_herbs";"22";"Magnoliopsida";34
"PR_Sheil et al. 2002_CIFOR_Indonesia_herbs";"22";"Polypodiopsida";2
"PR_Sheil et al. 2002_CIFOR_Indonesia_herbs";"23";"Gnetopsida";1
"PR_Sheil et al. 2002_CIFOR_Indonesia_herbs";"23";"Jungermanniopsida";1
"PR_Sheil et al. 2002_CIFOR_Indonesia_herbs";"23";"Liliopsida";17
"PR_Sheil et al. 2002_CIFOR_Indonesia_herbs";"23";"Lycopodiopsida";1
"PR_Sheil et al. 2002_CIFOR_Indonesia_herbs";"23";"Magnoliopsida";34
"PR_Sheil et al. 2002_CIFOR_Indonesia_herbs";"23";"Polypodiopsida";5
"PR_Sheil et al. 2002_CIFOR_Indonesia_herbs";"3";"Liliopsida";35
"PR_Sheil et al. 2002_CIFOR_Indonesia_herbs";"3";"Lycopodiopsida";1
"PR_Sheil et al. 2002_CIFOR_Indonesia_herbs";"3";"Magnoliopsida";47
"PR_Sheil et al. 2002_CIFOR_Indonesia_herbs";"3";"Polypodiopsida";18
"PR_Sheil et al. 2002_CIFOR_Indonesia_herbs";"4";"Bryopsida";1
"PR_Sheil et al. 2002_CIFOR_Indonesia_herbs";"4";"Liliopsida";33
"PR_Sheil et al. 2002_CIFOR_Indonesia_herbs";"4";"Lycopodiopsida";1
"PR_Sheil et al. 2002_CIFOR_Indonesia_herbs";"4";"Magnoliopsida";71
"PR_Sheil et al. 2002_CIFOR_Indonesia_herbs";"4";"Polypodiopsida";10
"PR_Sheil et al. 2002_CIFOR_Indonesia_herbs";"5";"Gnetopsida";1
"PR_Sheil et al. 2002_CIFOR_Indonesia_herbs";"5";"Liliopsida";38
"PR_Sheil et al. 2002_CIFOR_Indonesia_herbs";"5";"Magnoliopsida";44
"PR_Sheil et al. 2002_CIFOR_Indonesia_herbs";"5";"Polypodiopsida";9
"PR_Sheil et al. 2002_CIFOR_Indonesia_herbs";"50";"Gnetopsida";1
"PR_Sheil et al. 2002_CIFOR_Indonesia_herbs";"50";"Liliopsida";21
"PR_Sheil et al. 2002_CIFOR_Indonesia_herbs";"50";"Lycopodiopsida";1
"PR_Sheil et al. 2002_CIFOR_Indonesia_herbs";"50";"Magnoliopsida";45
"PR_Sheil et al. 2002_CIFOR_Indonesia_herbs";"50";"Polypodiopsida";9
"PR_Sheil et al. 2002_CIFOR_Indonesia_herbs";"500";"Bryopsida";6
"PR_Sheil et al. 2002_CIFOR_Indonesia_herbs";"500";"Gnetopsida";21
"PR_Sheil et al. 2002_CIFOR_Indonesia_herbs";"500";"Jungermanniopsida";5
"PR_Sheil et al. 2002_CIFOR_Indonesia_herbs";"500";"Liliopsida";736
"PR_Sheil et al. 2002_CIFOR_Indonesia_herbs";"500";"Lycopodiopsida";40
"PR_Sheil et al. 2002_CIFOR_Indonesia_herbs";"500";"Magnoliopsida";1592
"PR_Sheil et al. 2002_CIFOR_Indonesia_herbs";"500";"Polypodiopsida";172
"PR_Sheil et al. 2002_CIFOR_Indonesia_herbs";"6";"Jungermanniopsida";1
"PR_Sheil et al. 2002_CIFOR_Indonesia_herbs";"6";"Liliopsida";34
"PR_Sheil et al. 2002_CIFOR_Indonesia_herbs";"6";"Lycopodiopsida";1
"PR_Sheil et al. 2002_CIFOR_Indonesia_herbs";"6";"Magnoliopsida";68
"PR_Sheil et al. 2002_CIFOR_Indonesia_herbs";"6";"Polypodiopsida";4
"PR_Sheil et al. 2002_CIFOR_Indonesia_herbs";"60";"Gnetopsida";1
"PR_Sheil et al. 2002_CIFOR_Indonesia_herbs";"60";"Liliopsida";20
"PR_Sheil et al. 2002_CIFOR_Indonesia_herbs";"60";"Lycopodiopsida";1
"PR_Sheil et al. 2002_CIFOR_Indonesia_herbs";"60";"Magnoliopsida";39
"PR_Sheil et al. 2002_CIFOR_Indonesia_herbs";"60";"Polypodiopsida";5
"PR_Sheil et al. 2002_CIFOR_Indonesia_herbs";"8";"Gnetopsida";1
"PR_Sheil et al. 2002_CIFOR_Indonesia_herbs";"8";"Liliopsida";31
"PR_Sheil et al. 2002_CIFOR_Indonesia_herbs";"8";"Lycopodiopsida";2
"PR_Sheil et al. 2002_CIFOR_Indonesia_herbs";"8";"Magnoliopsida";52
"PR_Sheil et al. 2002_CIFOR_Indonesia_herbs";"8";"Polypodiopsida";10
"PR_Sheil et al. 2002_CIFOR_Indonesia_herbs";"9";"Liliopsida";13
"PR_Sheil et al. 2002_CIFOR_Indonesia_herbs";"9";"Lycopodiopsida";1
"PR_Sheil et al. 2002_CIFOR_Indonesia_herbs";"9";"Magnoliopsida";22
"PR_Sheil et al. 2002_CIFOR_Indonesia_herbs";"9";"Polypodiopsida";2
"PR_Sheil et al. 2002_CIFOR_Indonesia_trees";"0";"Liliopsida";2
"PR_Sheil et al. 2002_CIFOR_Indonesia_trees";"0";"Magnoliopsida";85
"PR_Sheil et al. 2002_CIFOR_Indonesia_trees";"1";"Liliopsida";1
"PR_Sheil et al. 2002_CIFOR_Indonesia_trees";"1";"Magnoliopsida";17
"PR_Sheil et al. 2002_CIFOR_Indonesia_trees";"1.5";"Magnoliopsida";3
"PR_Sheil et al. 2002_CIFOR_Indonesia_trees";"10";"Magnoliopsida";26
"PR_Sheil et al. 2002_CIFOR_Indonesia_trees";"12";"Liliopsida";1
"PR_Sheil et al. 2002_CIFOR_Indonesia_trees";"12";"Magnoliopsida";56
"PR_Sheil et al. 2002_CIFOR_Indonesia_trees";"15";"Liliopsida";1
"PR_Sheil et al. 2002_CIFOR_Indonesia_trees";"15";"Magnoliopsida";41
"PR_Sheil et al. 2002_CIFOR_Indonesia_trees";"18";"Magnoliopsida";50
"PR_Sheil et al. 2002_CIFOR_Indonesia_trees";"19";"Magnoliopsida";64
"PR_Sheil et al. 2002_CIFOR_Indonesia_trees";"2";"Magnoliopsida";26
"PR_Sheil et al. 2002_CIFOR_Indonesia_trees";"20";"Magnoliopsida";56
"PR_Sheil et al. 2002_CIFOR_Indonesia_trees";"22";"Magnoliopsida";31
"PR_Sheil et al. 2002_CIFOR_Indonesia_trees";"23";"Liliopsida";1
"PR_Sheil et al. 2002_CIFOR_Indonesia_trees";"23";"Magnoliopsida";32
"PR_Sheil et al. 2002_CIFOR_Indonesia_trees";"3";"Magnoliopsida";35
"PR_Sheil et al. 2002_CIFOR_Indonesia_trees";"4";"Magnoliopsida";36
"PR_Sheil et al. 2002_CIFOR_Indonesia_trees";"5";"Liliopsida";1
"PR_Sheil et al. 2002_CIFOR_Indonesia_trees";"5";"Magnoliopsida";18
"PR_Sheil et al. 2002_CIFOR_Indonesia_trees";"50";"Magnoliopsida";53
"PR_Sheil et al. 2002_CIFOR_Indonesia_trees";"500";"Liliopsida";35
"PR_Sheil et al. 2002_CIFOR_Indonesia_trees";"500";"Magnoliopsida";1492
"PR_Sheil et al. 2002_CIFOR_Indonesia_trees";"500";"Pinopsida";3
"PR_Sheil et al. 2002_CIFOR_Indonesia_trees";"6";"Magnoliopsida";33
"PR_Sheil et al. 2002_CIFOR_Indonesia_trees";"60";"Liliopsida";1
"PR_Sheil et al. 2002_CIFOR_Indonesia_trees";"60";"Magnoliopsida";25
"PR_Sheil et al. 2002_CIFOR_Indonesia_trees";"8";"Magnoliopsida";27
"PR_Sheil et al. 2002_CIFOR_Indonesia_trees";"9";"Magnoliopsida";35
"PR_Svenning 1998_palms_Ecuador";"10";"Liliopsida";2
"PR_Svenning 1998_palms_Ecuador";"10";"Magnoliopsida";1
"PR_Svenning 1998_palms_Ecuador";"500";"Liliopsida";1
"RU_Addo-Fordjour 2019_Liana";"14";"Magnoliopsida";30
"RU_Addo-Fordjour 2019_Liana";"2";"Magnoliopsida";24
"RU_Addo-Fordjour 2019_Liana";"200";"Liliopsida";1
"RU_Addo-Fordjour 2019_Liana";"200";"Magnoliopsida";24
"RU_Addo-Fordjour 2019_Liana";"40";"Magnoliopsida";31
"RU_Addo-Fordjour 2019_Liana";"68";"Liliopsida";1
"RU_Addo-Fordjour 2019_Liana";"68";"Magnoliopsida";27
"RU_Aubin 2009_Herbs_Frequency";"0";"Liliopsida";1
"RU_Aubin 2009_Herbs_Frequency";"100";"Liliopsida";10
"RU_Aubin 2009_Herbs_Frequency";"100";"Magnoliopsida";18
"RU_Aubin 2009_Herbs_Frequency";"100";"Polypodiopsida";5
"RU_Aubin 2009_Herbs_Frequency";"17.5";"Liliopsida";3
"RU_Aubin 2009_Herbs_Frequency";"17.5";"Magnoliopsida";2
"RU_Aubin 2009_Herbs_Frequency";"31";"Liliopsida";4
"RU_Aubin 2009_Herbs_Frequency";"31";"Magnoliopsida";8
"RU_Aubin 2009_Herbs_Frequency";"31";"Polypodiopsida";1
"RU_Aubin 2009_Herbs_Frequency";"44";"Liliopsida";8
"RU_Aubin 2009_Herbs_Frequency";"44";"Magnoliopsida";11
"RU_Aubin 2009_Herbs_Frequency";"44";"Polypodiopsida";4
"RU_Aubin 2009_Herbs_Mean occurrences";"100";"Liliopsida";1
"RU_Aubin 2009_Herbs_Mean occurrences";"100";"Magnoliopsida";1
"RU_Aubin 2009_Herbs_Mean occurrences";"31";"Liliopsida";1
"RU_Bruelheide 2011_Tree and shrub";"10";"Magnoliopsida";70
"RU_Bruelheide 2011_Tree and shrub";"10";"No identified";1
"RU_Bruelheide 2011_Tree and shrub";"10";"Pinopsida";2
"RU_Bruelheide 2011_Tree and shrub";"30";"Magnoliopsida";71
"RU_Bruelheide 2011_Tree and shrub";"30";"No identified";1
"RU_Bruelheide 2011_Tree and shrub";"30";"Pinopsida";2
"RU_Bruelheide 2011_Tree and shrub";"50";"Magnoliopsida";95
"RU_Bruelheide 2011_Tree and shrub";"50";"No identified";1
"RU_Bruelheide 2011_Tree and shrub";"50";"Pinopsida";3
"RU_Bruelheide 2011_Tree and shrub";"70";"Magnoliopsida";93
"RU_Bruelheide 2011_Tree and shrub";"70";"No identified";1
"RU_Bruelheide 2011_Tree and shrub";"70";"Pinopsida";3
"RU_Bruelheide 2011_Tree and shrub";"80";"Magnoliopsida";101
"RU_Bruelheide 2011_Tree and shrub";"80";"No identified";1
"RU_Bruelheide 2011_Tree and shrub";"80";"Pinopsida";3
"RU_Chan 2016_Tree";"1";"Magnoliopsida";9
"RU_Chan 2016_Tree";"10";"Magnoliopsida";27
"RU_Chan 2016_Tree";"15";"Magnoliopsida";28
"RU_Chan 2016_Tree";"20";"Magnoliopsida";18
"RU_Chan 2016_Tree";"25";"Magnoliopsida";28
"RU_Chan 2016_Tree";"30";"Magnoliopsida";24
"RU_Chan 2016_Tree";"40";"Magnoliopsida";3
"RU_Chan 2016_Tree";"5";"Magnoliopsida";29
"RU_Chan 2016_Tree";"50";"Magnoliopsida";5
"RU_Chan 2016_Tree";"500";"Magnoliopsida";49
"RU_Chan 2016_Tree";"53";"Magnoliopsida";5
"RU_Dalling 1998_Lianas";"40";"Magnoliopsida";1
"RU_Dalling 1998_Tree";"100";"Magnoliopsida";3
"RU_Dalling 1998_Tree";"20";"Magnoliopsida";3
"RU_Dalling 1998_Tree";"40";"Magnoliopsida";1
"RU_Dalling 1998_Tree";"500";"Magnoliopsida";3
"RU_Dalling 1998_Tree";"70";"Magnoliopsida";3
"RU_Davidson 2007_Plant";"10";"Magnoliopsida";15
"RU_Davidson 2007_Plant";"20";"Magnoliopsida";41
"RU_Davidson 2007_Plant";"3";"Magnoliopsida";18
"RU_Davidson 2007_Plant";"40";"Magnoliopsida";53
"RU_Davidson 2007_Plant";"500";"Magnoliopsida";61
"RU_Davidson 2007_Plant";"6";"Magnoliopsida";33
"RU_Davidson 2007_Plant";"70";"Liliopsida";1
"RU_Davidson 2007_Plant";"70";"Magnoliopsida";47
"RU_DeWalt 2003_Tree genus";"100";"Magnoliopsida";2
"RU_DeWalt 2003_Tree genus";"20";"Magnoliopsida";1
"RU_DeWalt 2003_Tree genus";"70";"Magnoliopsida";2
"RU_Dungan 2001_Vegetation";"100";"Magnoliopsida";2
"RU_Dungan 2001_Vegetation";"30";"Magnoliopsida";1
"RU_Dungan 2001_Vegetation";"90";"Magnoliopsida";1
"RU_Goebel 1996_Tree seedlings";"119.5";"Magnoliopsida";2
"RU_Goebel 1996_Tree seedlings";"139.5";"Magnoliopsida";2
"RU_Goebel 1996_Tree seedlings";"79.5";"Magnoliopsida";1
"RU_Leiva 2009_Floral";"10";"Magnoliopsida";3
"RU_Leiva 2009_Floral";"100";"Magnoliopsida";20
"RU_Leiva 2009_Floral";"15";"Magnoliopsida";10
"RU_Leiva 2009_Floral";"20";"Magnoliopsida";6
"RU_Leiva 2009_Floral";"40";"Liliopsida";1
"RU_Leiva 2009_Floral";"40";"Magnoliopsida";14
"RU_Leiva 2009_Floral";"60";"Magnoliopsida";18
"RU_Lopez-Jimenez 2019_Woody";"10";"Magnoliopsida";75
"RU_Lopez-Jimenez 2019_Woody";"20";"Magnoliopsida";57
"RU_Lopez-Jimenez 2019_Woody";"30";"Magnoliopsida";81
"RU_Lopez-Jimenez 2019_Woody";"4";"Magnoliopsida";62
"RU_Lopez-Jimenez 2019_Woody";"40";"Magnoliopsida";91
"RU_Lopez-Jimenez 2019_Woody";"500";"Magnoliopsida";64
"RU_Lopez-Jimenez 2019_Woody";"60";"Magnoliopsida";88
"RU_Moola 2004_Plants_Mean percent cover";"54";"Magnoliopsida";1
"RU_Moola 2004_Plants_Percentage ocurrence quadrats";"23";"Liliopsida";3
"RU_Moola 2004_Plants_Percentage ocurrence quadrats";"23";"Magnoliopsida";9
"RU_Moola 2004_Plants_Percentage ocurrence quadrats";"23";"Polypodiopsida";1
"RU_Moola 2004_Plants_Percentage ocurrence quadrats";"3";"Liliopsida";3
"RU_Moola 2004_Plants_Percentage ocurrence quadrats";"3";"Magnoliopsida";10
"RU_Moola 2004_Plants_Percentage ocurrence quadrats";"500";"Liliopsida";5
"RU_Moola 2004_Plants_Percentage ocurrence quadrats";"500";"Magnoliopsida";15
"RU_Moola 2004_Plants_Percentage ocurrence quadrats";"500";"Polypodiopsida";1
"RU_Moola 2004_Plants_Percentage ocurrence quadrats";"54";"Liliopsida";3
"RU_Moola 2004_Plants_Percentage ocurrence quadrats";"54";"Magnoliopsida";8
"RU_Moola 2004_Plants_Percentage ocurrence quadrats";"6";"Liliopsida";2
"RU_Moola 2004_Plants_Percentage ocurrence quadrats";"6";"Magnoliopsida";9
"RU_Moola 2004_Plants_Percentage ocurrence quadrats";"6";"Polypodiopsida";1
"RU_Moola 2004_Plants_Percentage ocurrence stands";"23";"Liliopsida";3
"RU_Moola 2004_Plants_Percentage ocurrence stands";"23";"Magnoliopsida";9
"RU_Moola 2004_Plants_Percentage ocurrence stands";"23";"Polypodiopsida";1
"RU_Moola 2004_Plants_Percentage ocurrence stands";"3";"Liliopsida";3
"RU_Moola 2004_Plants_Percentage ocurrence stands";"3";"Magnoliopsida";11
"RU_Moola 2004_Plants_Percentage ocurrence stands";"500";"Liliopsida";5
"RU_Moola 2004_Plants_Percentage ocurrence stands";"500";"Magnoliopsida";17
"RU_Moola 2004_Plants_Percentage ocurrence stands";"500";"Polypodiopsida";1
"RU_Moola 2004_Plants_Percentage ocurrence stands";"54";"Liliopsida";3
"RU_Moola 2004_Plants_Percentage ocurrence stands";"54";"Magnoliopsida";8
"RU_Moola 2004_Plants_Percentage ocurrence stands";"6";"Liliopsida";2
"RU_Moola 2004_Plants_Percentage ocurrence stands";"6";"Magnoliopsida";10
"RU_Moola 2004_Plants_Percentage ocurrence stands";"6";"Polypodiopsida";1
"RU_Muniz-Castro 2011_Tree";"1.5";"Magnoliopsida";1
"RU_Muniz-Castro 2011_Tree";"100";"Magnoliopsida";26
"RU_Muniz-Castro 2011_Tree";"12";"Magnoliopsida";9
"RU_Muniz-Castro 2011_Tree";"14";"Magnoliopsida";10
"RU_Muniz-Castro 2011_Tree";"15";"Magnoliopsida";13
"RU_Muniz-Castro 2011_Tree";"15";"Polypodiopsida";1
"RU_Muniz-Castro 2011_Tree";"17";"Magnoliopsida";14
"RU_Muniz-Castro 2011_Tree";"23";"Magnoliopsida";12
"RU_Muniz-Castro 2011_Tree";"35";"Magnoliopsida";11
"RU_Muniz-Castro 2011_Tree";"35";"Polypodiopsida";1
"RU_Muniz-Castro 2011_Tree";"5";"Magnoliopsida";13
"RU_Muniz-Castro 2011_Tree";"5.5";"Magnoliopsida";9
"RU_Muniz-Castro 2011_Tree";"8";"Magnoliopsida";7
"RU_Muniz-Castro 2011_Tree";"80";"Magnoliopsida";13
"RU_Muniz-Castro 2011_Tree";"9";"Magnoliopsida";14
"RU_Plue 2010_Beech seed bank_Abundance";"120";"Liliopsida";13
"RU_Plue 2010_Beech seed bank_Abundance";"120";"Magnoliopsida";21
"RU_Plue 2010_Beech seed bank_Abundance";"250";"Liliopsida";10
"RU_Plue 2010_Beech seed bank_Abundance";"250";"Magnoliopsida";14
"RU_Plue 2010_Beech seed bank_Abundance";"40";"Liliopsida";11
"RU_Plue 2010_Beech seed bank_Abundance";"40";"Magnoliopsida";19
"RU_Plue 2010_Beech seed bank_Abundance";"80";"Liliopsida";11
"RU_Plue 2010_Beech seed bank_Abundance";"80";"Magnoliopsida";28
"RU_Plue 2010_Beech seed bank_Frecuency";"120";"Liliopsida";13
"RU_Plue 2010_Beech seed bank_Frecuency";"120";"Magnoliopsida";21
"RU_Plue 2010_Beech seed bank_Frecuency";"250";"Liliopsida";10
"RU_Plue 2010_Beech seed bank_Frecuency";"250";"Magnoliopsida";14
"RU_Plue 2010_Beech seed bank_Frecuency";"40";"Liliopsida";11
"RU_Plue 2010_Beech seed bank_Frecuency";"40";"Magnoliopsida";19
"RU_Plue 2010_Beech seed bank_Frecuency";"80";"Liliopsida";11
"RU_Plue 2010_Beech seed bank_Frecuency";"80";"Magnoliopsida";28
"RU_Plue 2010_Oak seed bank_Abundance";"120";"Liliopsida";13
"RU_Plue 2010_Oak seed bank_Abundance";"120";"Magnoliopsida";23
"RU_Plue 2010_Oak seed bank_Abundance";"250";"Liliopsida";11
"RU_Plue 2010_Oak seed bank_Abundance";"250";"Magnoliopsida";20
"RU_Plue 2010_Oak seed bank_Abundance";"40";"Liliopsida";15
"RU_Plue 2010_Oak seed bank_Abundance";"40";"Magnoliopsida";34
"RU_Plue 2010_Oak seed bank_Abundance";"80";"Liliopsida";15
"RU_Plue 2010_Oak seed bank_Abundance";"80";"Magnoliopsida";26
"RU_Plue 2010_Oak seed bank_Frecuency";"120";"Liliopsida";13
"RU_Plue 2010_Oak seed bank_Frecuency";"120";"Magnoliopsida";23
"RU_Plue 2010_Oak seed bank_Frecuency";"250";"Liliopsida";11
"RU_Plue 2010_Oak seed bank_Frecuency";"250";"Magnoliopsida";20
"RU_Plue 2010_Oak seed bank_Frecuency";"40";"Liliopsida";15
"RU_Plue 2010_Oak seed bank_Frecuency";"40";"Magnoliopsida";34
"RU_Plue 2010_Oak seed bank_Frecuency";"80";"Liliopsida";15
"RU_Plue 2010_Oak seed bank_Frecuency";"80";"Magnoliopsida";26
"RU_Williams 2000_Spring ephemeral herbs";"150";"Magnoliopsida";1
"RU_Williams 2000_Spring ephemeral herbs";"300";"Magnoliopsida";2
"RU_Williams 2000_Spring ephemeral herbs";"70";"Magnoliopsida";5
"RU_Williams 2000_Summer herbs";"300";"Magnoliopsida";2
"RU_Williams 2000_Tree";"150";"Magnoliopsida";1
