Citation;Taxa studied;Biome;Realm;Country;Latitude (dec °);Longitude (dec °);Elev. (masl);RG sites;OG sites;Repl. data?;Author;Year;reference
Abbot et al. (2003);Cockroaches, grasshoppers, crickets and spiders;Transition;AA;Australia;-34.115;116.369;270;15;1;no;Abbot;2003;Abbott, I., T. Burbidge, K. Strehlow, A. Mellican, and A. Wills. 2003. Logging and burning impacts on cockroaches, crickets and grasshoppers, and spiders in Jarrah forest, Western Australia. Forest Ecology and Management 174:383–399.
Aerts et al. (2008);Birds;Broadleaf;AT;Ethiopia;13.617;39.350;1900;5;10;yes;Aerts;2008;Aerts, R., F. Lerouge, E. November, L. Lens, M. Hermy, and B. Muys. 2008. Land rehabilitation and the conservation of birds in a degraded Afromontane landscape in northern Ethiopia. Biodiversity and Conservation 17:53–69.
Aidar et al. (2001);Plants;Broadleaf;NT;Brazil;-24.529;-48.686;550;2;1;no;Aidar;2001;Aidar, M. P., J. R. Godoy, J. Bergmann, and C. A. Joly. 2001. Atlantic Forest succession over calcareous soil, Parque Estadual Turístico do Alto Ribeira-PETAR, SP. Revista Brasileira de Botânica 24:455–469.
Andersen (1993);Ants;Transition;AA;Australia;-12.670;132.830;30;6;2;yes;Andersen;1993;Andersen, A. N. 1993. Ants as Indicators of Restoration Success at a Uranium Mine in Tropical Australia. Restoration Ecology 1:156–167.
Andersen and Nelson (1999);NVSM;Transition;NA;United States;34.279;-114.121;120;2;1;no;Andersen and Nelson;1999;Andersen, A. N., J. A. Ludwig, L. M. Lowe, and D. C. F. Rentz. 2001. Grasshopper biodiversity and bioindicators in Australian tropical savannas: responses to disturbance in Kakadu National Park. Austral Ecology 26:213–222.
Andersen et al. (2001);Grasshoppers;Open;AA;Australia;-12.853;132.587;20;10;10;no;Andersen;2001;Andersen, D. C., and S. M. Nelson. 1999. Rodent use of anthropogenic and “natural” desert riparian habitat, lower Colorado River, Arizona. Regulated Rivers: Research and Management 15:377–393.
Andrade and Rubio-Torgler (1994);Birds;Broadleaf;NT;Colombia;-1.236;-69.922;100;3;4;no;Andrade and Rubio-Torgler ;1994;Andrade, G. I., and H. Rubio-Torgler. 1994. Sustainable Use of the Tropical Rain Forest: Evidence from the Avifauna in a Shifting-Cultivation Habitat Mosaic in the Colombian Amazon. Conservation Biology 8:545–554.
Aravena et al. (2002);Plants;Broadleaf;NT;Chile;-43.122;-74.030;75;4;1;no;Aravena;2002;Aravena, J. C., M. R. Carmona, C. A. Perez, and J. J. Armesto. 2002. Changes in tree species richness, stand structure and soil properties in a successional chronosequence in northern Chiloe Island, Chile. Revista Chilena de Historia Natural 75:339–360.
Barlow et al. (2007a);Birds;Broadleaf;NT;Brazil;-0.913;-52.561;70;5;5;no;Barlow;2007;Barlow, J., T. A. Gardner, I. S. Araujo, T. C. Ávila-Pires, A. B. Bonaldo, J. E. Costa, M. C. Esposito, L. V. Ferreira, J. Hawes, M. I. M. Hernandez, M. S. Hoogmoed, R. N. Leite, N. F. Lo-Man-Hung, J. R. Malcolm, M. B. Martins, L. A. M. Mestre, R. Miranda-Santos, A. L. Nunes-Gutjahr, W. L. Overal, L. Parry, S. L. Peters, M. A. Ribeiro-Junior, M. N. F. da Silva, C. da Silva Motta, and C. A. Peres. 2007a. Quantifying the biodiversity value of tropical primary, secondary, and plantation forests. Proceedings of the National Academy of Sciences 104:18555–18560.
Barlow et al. (2007b);Butterflies;Broadleaf;NT;Brazil;-0.913;-52.561;70;5;5;no;Barlow;2007;Barlow, J., W. L. Overal, I. S. Araujo, T. A. Gardner, and C. A. Peres. 2007b. The value of primary, secondary and plantation forests for fruit-feeding butterflies in the Brazilian Amazon. Journal of Applied Ecology 44:1001–1012.
Bihn et al. (2008);Ants;Broadleaf;NT;Brazil;-2.530.563;-4.868.280;130;6;3;yes;Bihn;2008;Bihn, J. H., M. Verhaagh, M. Brändle, and R. Brandl. 2008. Do secondary forests act as refuges for old growth forest animals? Recovery of ant diversity in the Atlantic forest of Brazil. Biological Conservation 141:733–743.
Blake and Loiselle (2001);Birds;Broadleaf;NT;Costa Rica;10.417;-84.017;100;2;1;no;Blake and Loiselle;2001;Blake, J. G., and B. A. Loiselle. 2001. Bird Assemblages in Second-Growth and Old-Growth Forests, Costa Rica: Perspectives from Mist Nets and Point Counts. The Auk 118:304–326.
Bobo et al. (2006);Butterflies;Broadleaf;AT;Cameroon;5.379;9.185;250;6;6;no;Bobo;2006;Bobo, K., M. Waltert, H. Fermon, J. Njokagbor, and M. Mühlenberg. 2006. From forest to farmland: Butterfly Diversity and Habitat Associations Along a Gradient of Forest Conversion in Southwestern Cameroon. Journal of Insect Conservation 10:29–42.
Bowen et al. (2009);Birds;Transition;AA;Australia;-27.636;149.900;280;31;51;yes;Bowen;2009;Bowen, M. E., C. A. McAlpine, L. M. Seabrook, A. P. N. House, and G. C. Smith. 2009. The age and amount of regrowth forest in fragmented brigalow landscapes are both important for woodland dependent birds. Biological Conservation 142:3051–3059.
Bowman et al. (1990);Birds, butterflies and reptiles;Broadleaf;AA;Papua New Guinea;-5.000;145.733;380;13;3;no;Bowman;1990;Bowman, D. M. J. S., J. C. Z. Woinarski, D. P. A. Sands, A. Wells, and V. J. McShane. 1990. Slash-and-Burn Agriculture in the Wet Coastal Lowlands of Papua New Guinea: Response of Birds, Butterflies and Reptiles. Journal of Biogeography 17:227–239.
Bragagnolo et al. (2007);Harvestmen;Broadleaf;NT;Brazil;-23.739;-47.074;980;12;4;yes;Bragagnolo;2007;Bragagnolo, C., A. A. Nogueira, R. Pinto-da-Rocha, and R. Pardini. 2007. Harvestmen in an Atlantic forest fragmented landscape: Evaluating assemblage response to habitat quality and quantity. Biological Conservation 139:389–400.
Buckney and Morrison (1992);Plants;Transition;AA;Australia;-32.410;152.470;80;3;4;yes;Buckney and Morrison;1992;Buckney, R. T., and D. A. Morrison. 1992. Temporal trends in plant species composition on mined sand dunes in Myall Lakes National Park, Australia. Australian Journal of Ecology 17:241–254.
Castro-Luna et al. (2007);Bats;Broadleaf;NT;Mexico;17.608;-92.463;190;6;2;no;Castro-Luna;2007;Castro-Luna, A. A., V. J. Sosa, and G. Castillo-Campos. 2007. Bat diversity and abundance associated with the degree of secondary succession in a tropical forest mosaic in south-eastern Mexico. Animal Conservation 10:219–228.
Chambers et al. (1994);Plants;Open;NA;United States;42.800;-111.367;1620;6;1;no;Chambers;1994;Chambers, J. C., R. W. Brown, and B. D. Williams. 1994. An Evaluation of Reclamation Success on Idaho’s Phosphate Mines. Restoration Ecology 2:4–16.
Chapman et al. (1997);Plants;Broadleaf;AT;Uganda;0.574;30.394;1500;2;2;yes;Chapman;1997;Chapman, C. A., and L. J. Chapman. 1997. Forest Regeneration in Logged and Unlogged Forests of Kibale National Park, Uganda. Biotropica 29:396–412.
Chung et al. (2007);Beetles;Broadleaf;IM;Malaysia;5.603;117.644;60;1;1;no;Chung;2007;Chung, A. Y. C., P. Eggleton, M. R. Speight, P. M. Hammond, and V. K. Chey. 2007. The diversity of beetle assemblages in different habitat types in Sabah, Malaysia. Bulletin of Entomological Research 90:475–496.
Costa et al. (2010);Ants;Open;NT;Brazil;-18.000;-43.349;1250;7;1;no;Costa;2010;Costa, C. B., S. P. Ribeiro, and P. T. A. Castro. 2010. Ants as Bioindicators of Natural Succession in Savanna and Riparian Vegetation Impacted by Dredging in the Jequitinhonha River Basin, Brazil. Restoration Ecology 18:148–157.
de Souza et al. (2008);Amphibians;Broadleaf;NT;Brazil;-22.462;-52.123;210;6;3;yes;de Souza;2008;De Souza, V. M., F. M. de Souza, and E. F. Morato. 2008. Efeitos da sucessão florestal sobre a anurofauna (Amphibia: Anura) da Reserva Catuaba e seu entorno, Acre, Amazônia sul-ocidental. Revista Brasileira de Zoologia 25.
Dranzoa (1998);Birds;Broadleaf;AT;Uganda;0.436;30.535;1400;1;1;yes;Dranzoa;1998;Dranzoa, C. 1998. The avifauna 23 years after logging in Kibale National Park, Uganda. Biodiversity and Conservation 7:777–797.
Eggleton et al. (1997);Termites;Broadleaf;IM;Malaysia;4.967;117.800;180;1;1;no;Eggleton;1997;Eggleton, P., R. Homathevi, D. Jeeva, D. T. Jones, R. G. Davies, and M. Maryati. 1997. The species richness and composition of termites (Isoptera) in primary and regenerating lowland dipterocarp forest in Sabah, East Malaysia. Ecotropica 3:119–128.
Eilu and Obua (2005);Plants;Broadleaf;AT;Uganda;-1.030;29.686;1750;4;2;yes;Eilu and Obua;2005;Eilu, G., and J. Obua. 2005. Tree condition and natural regeneration in disturbed sites of Bwindi Impenetrable Forest National Park, southwestern Uganda. Tropical Ecology 46:99–111.
Ernst and Rodel (2005);Amphibians;Broadleaf;AT;Ivory Coast;5.833;-7.333;200;4;6;no;Ernst and Rodel;2005;Ernst, R., and M. O. Roedel. 2005. Anthropogenically induced changes of predictability in tropical anuran assemblages. Ecology 86:3111–3118.
Estrada et al. (1994);NVSM;Broadleaf;NT;Mexico;18.518;-95.169;1100;12;35;no;Estrada;1994;Estrada, A., R. Coates-Estrada, and D. M. Jr. 1994. Non flying mammals and landscape changes in the tropical rain forest region of Los Tuxtlas, Mexico. Ecography 17:229–241.
Fang and Peng (1997);Plants;Transition;IM;China;21.464;110.905;40;7;1;no;Fang and Peng;1997;Fang, W., and S. L. Peng. 1997. Development of species diversity in the restoration process of establishing a tropical man-made forest ecosystem in China. Forest Ecology and Management 99:185–196.
Faria (2006);Bats;Broadleaf;NT;Brazil;-15.283;-39.067;50;6;12;no;Faria;2006;Faria, D. 2006. Phyllostomid Bats of a Fragmented Landscape in the North-Eastern Atlantic Forest, Brazil. Journal of Tropical Ecology 22:531–542.
Fawrig et al. (2008);Birds;Broadleaf;AT;Kenya;0.286;34.879;1500;3;3;no;Fawrig;2008;Farwig, N., N. Sajita, and K. Böhning-Gaese. 2008. Conservation value of forest plantations for bird communities in western Kenya. Forest Ecology and Management 255:3885–3892.
Fermon et al. (2005);Butterflies;Broadleaf;IM;Indonesia;-1.209;120.142;880;6;6;yes;Fermon;2005;Fermon, H., M. Waltert, R. I. Vane-Wright, and M. Mühlenberg. 2005. Forest use and vertical stratification in fruit-feeding butterflies of Sulawesi, Indonesia: impacts for conservation. Biodiversity and Conservation 14:333–350.
Fimbel (1994);Large mammals;Broadleaf;AT;Sierra Leone;7.549;-11.348;130;1;1;no;Fimbel;1994;Fimbel, C. 1994. The relative use of abandoned farm clearings and old forest habitats by primates and a forest antelope at Tiwai, Sierra leone, West Africa. Biological Conservation 70:277–286.
Floren et al. (2001);Ants;Broadleaf;IM;Malaysia;6.046;116.703;500;3;1;no;Floren;2001;Floren, A., A. Freking, M. Biehl, and K. E. Linsenmair. 2001. Anthropogenic disturbance changes the structure of arboreal tropical ant communities. Ecography 24:547–554.
Fukushima et al. (2008);Plants;Broadleaf;IM;Thailand;18.553;98.515;930;21;7;yes;Fukushima;2008;Fukushima, M., M. Kanzaki, M. Hara, T. Ohkubo, P. Preechapanya, and C. Choocharoen. 2008. Secondary forest succession after the cessation of swidden cultivation in the montane forest area in Northern Thailand. Forest Ecology and Management 255:1994–2006.
Gardner et al. (2007);Reptiles and amphibians;Broadleaf;NT;Brazil;-0.913;-52.561;70;5;5;no;Gardner;2007;Gardner, T. A., M. I. M. Hernández, J. Barlow, and C. A. Peres. 2008. Understanding the biodiversity consequences of habitat change: the value of secondary and plantation forests for neotropical dung beetles. Journal of Applied Ecology 45:883–893.
Gardner et al. (2008);Beetles;Broadleaf;NT;Brazil;-0.913;-52.561;70;5;5;no;Gardner;2008;Gardner, T. A., M. A. Ribeiro-Junior, J. Barlow, T. C. S. Avila-Pires, M. S. Hoogmoed, and C. A. Peres. 2007. The Value of Primary, Secondary, and Plantation Forests for a Neotropical Herpetofauna. Conservation Biology 21:775–787.
Gillison et al. (2003);Termites;Broadleaf;IM;Indonesia;-1.079;102.099;60;1;1;no;Gillison;2003;Gillison, A. N., D. T. Jones, F.-X. Susilo, and D. E. Bignell. 2003. Vegetation indicates diversity of soil macroinvertebrates: a case study with termites along a land-use intensification gradient in lowland Sumatra. Organisms Diversity and Evolution 3:111–126.
Glor et al. (2001);Reptiles;Broadleaf;NT;Dominican Republic;19.060;-69.586;150;18;2;no;Glor;2001;Glor, R. E., A. S. Flecker, M. F. Benard, and A. G. Power. 2001. Lizard diversity and agricultural disturbance in a Caribbean forest landscape. Biodiversity and Conservation 10:711–723.
Gollan et al. (2011);Beetles;Broadleaf;AA;Australia;-32.221;150.896;170;9;3;yes;Gollan;2011;Gollan, J. R., C. A. M. Reid, P. B. Barnes, and L. Wilkie. 2011. The ratio of exotic‐to‐native dung beetles can indicate habitat quality in riparian restoration. Insect Conservation and Diversity 4:123–131.
Gove et al. (2005);Ants;Transition;NT;Mexico;19.583;-96.383;30;6;3;yes;Gove;2005;Gove, A. D., J. D. Majer, and V. Rico-Gray. 2005. Methods for conservation outside of formal reserve systems: The case of ants in the seasonally dry tropics of Veracruz, Mexico. Biological Conservation 126:328–338.
Grau et al. (1997);Plants;Broadleaf;NT;Argentina;-26.800;-65.383;1000;4;2;yes;Grau;1997;Grau, H. R., M. F. Arturi, A. D. Brown, and P. G. Aceñolaza. 1997. Floristic and structural patterns along a chronosequence of secondary forest succession in Argentinean subtropical montane forests. Forest Ecology and Management 95:161–171.
Grove (2002);Saproxylic beetles;Broadleaf;AA;Australia;-16.132;145.415;60;3;3;yes;Grove;2002;Grove, S. J. 2002. The influence of forest management history on the integrity of the saproxylic beetle fauna in an Australian lowland tropical rainforest. Biological Conservation 104:149–171.
Hawes et al. (2009);Moths;Broadleaf;NT;Brazil;-0.913;-52.561;70;5;5;no;Hawes;2009;Hawes, J., C. da Silva Motta, W. L. Overal, J. Barlow, T. A. Gardner, and C. A. Peres. 2009. Diversity and Composition of Amazonian Moths in Primary, Secondary and Plantation Forests. Journal of Tropical Ecology 25:281–300.
Heinen (1992);Reptiles and amphibians;Broadleaf;NT;Costa Rica;10.403;-84.021;100;2;1;no;Heinen;1992;Heinen, J. T. 1992. Comparisons of the Leaf Litter Herpetofauna in Abandoned Cacao Plantations and Primary Rain Forest in Costa Rica: Some Implications for Faunal Restoration. Biotropica 24:431–439.
Hingston and Grove (2010);Birds;Broadleaf;AA;Australia;-43.164;146.698;260;9;2;yes;Hingston and Grove;2010;Hingston, A. B., and S. Grove. 2010. From clearfell coupe to old-growth forest: Succession of bird assemblages in Tasmanian lowland wet eucalypt forests. Forest Ecology and Management 259:459–468.
Hopp et al. (2010);Beetles;Broadleaf;NT;Brazil;-25.372;-48.567;300;18;3;no;Hopp;2010;Hopp, P. W., R. Ottermanns, E. Caron, S. Meyer, and M. Roß-Nickoll. 2010. Recovery of litter inhabiting beetle assemblages during forest regeneration in the Atlantic forest of Southern Brazil. Insect Conservation and Diversity 3:103–113.
House et al. (2006);Ants;Broadleaf;AA;Australia;-27.012;150.716;310;6;2;yes;House;2006;House, A., C. Burwell, and S. Brown. 2006. Ant assemblages in Brigalow regrowth vegetation. Ecological Management and Restoration 7:136–140.
Ishida et al. (2005);Plants;Broadleaf;PA;Japan;34.417;129.333;350;2;2;no;Ishida;2005;Ishida, H., T. Hattori, and Y. Takeda. 2005. Comparison of species composition and richness between primary and secondary lucidophyllous forests in two altitudinal zones of Tsushima Island, Japan. Forest Ecology and Management 213:273–287.
Johns (1991);Birds;Broadleaf;NT;Brazil;-3.533;-64.967;60;2;1;no;Johns;1991;Johns, A. D. 1991. Responses of Amazonian Rain Forest Birds to Habitat Modification. Journal of Tropical Ecology 7:417–437.
Kanowski et al. (2006) [1];Reptiles;Broadleaf;AA;Australia;-27.154;152.651;200;2;1;no;Kanowski;2006;Kanowski, J. J., T. M. Reis, C. P. Catterall, and S. D. Piper. 2006. Factors affecting the use of reforested sites by reptiles in cleared rainforest landscapes in tropical and subtropical Australia. Restoration Ecology 14:67–76.
Kanowski et al. (2006) [2];Reptiles;Broadleaf;AA;Australia;-17.278;145.657;700;2;1;no;Kanowski;2006;Kanowski, J. J., T. M. Reis, C. P. Catterall, and S. D. Piper. 2006. Factors affecting the use of reforested sites by reptiles in cleared rainforest landscapes in tropical and subtropical Australia. Restoration Ecology 14:67–76.
Kardol et al. (2005);Macro-invertebrates;Open;PA;Netherlands;52.048;6.020;50;26;3;yes;Kardol;2005;Kardol, P., T. M. Blackburn, A. van der Wal, and W. H. van der Putten. 2005. Successional trajectories of soil nematode and plant communities in a chronosequence of ex-arable lands. Biological Conservation 126:317–327.
Kennard (2002);Plants;Transition;NT;Bolivia;-16.750;-61.750;500;12;1;no;Kennard;2002;Kennard, D. K. 2002. Secondary Forest Succession in a Tropical Dry Forest: Patterns of Development Across a 50-Year Chronosequence in Lowland Bolivia. Journal of Tropical Ecology 18:53–66.
Kindscher and Tieszen (1998);Plants;Open;NA;United States;39.032;-95.140;260;3;2;yes;Kindscher and Tieszen;1998;Kindscher, K., and L. L. Tieszen. 1998. Floristic and Soil Organic Matter Changes after Five and Thirty-Five Years of Native Tallgrass Prairie Restoration. Restoration Ecology 6:181–196.
Klein (1989);Beetles;Broadleaf;NT;Brazil;-2.417;-59.833;100;3;3;no;Klein;1989;Klein, B. C. 1989. Effects of Forest Fragmentation on Dung and Carrion Beetle Communities in Central Amazonia. Ecology 70:1715.
Kritzinger and Van Aarde (1998);Birds;Transition;AT;South Africa;-28.626;32.074;50;5;1;no;Kritzinger and Van Aarde;1998;Kritzinger, J. J., and R. J. Van Aarde. 1998. The bird communities of rehabilitating coastal dunes at Richards Bay, KwaZulu-Natal. South African Journal of Science 94:71–78.
Lambert (1992);Birds;Broadleaf;IM;Malaysia;4.233;116.467;210;1;1;no;Lambert;1992;Lambert, F. R. 1992. The consequences of selective logging for Bornean lowland forest birds. Philosophical Transactions: Biological Sciences 335:443–457.
Law and Chidel (2001);Bats;Broadleaf;AA;Australia;-37.055;149.873;100;1;1;no;Law and Chidel;2001;Law, B. S., and M. Chidel. 2001. Bat activity 22 years after first-round intensive logging of alternate coupes near Eden, New South Wales. Australian Forestry 64:242–247.
Li et al. (2011);Epiphytes;Broadleaf;PA;China;24.063;101.278;2300;3;1;no;Li;2011;Lieberman, S. S. 1986. Ecology of the leaf litter herpetofauna of a neotropical rain forest: La Selva, Costa Rica. Acta Zool Mexicana.(Nueva Serie) 15:1–72.
Lieberman (1986);Reptiles and amphibians;Broadleaf;NT;Costa Rica;10.403;-84.021;60;1;1;no;Lieberman;1986;Liebsch, D., R. Goldenberg, and M. C. . Marques. 2007. Florística e estrutura de comunidades vegetais em uma cronoseqüência de Floresta Atlântica no Estado do Paraná, Brasil. Acta Botanica Brasilica 21:983–992.
Liebsch et al. (2007);Plants;Broadleaf;NT;Brazil;-25.435;-48.814;60;in 2008 study;;;Liebsch;2007;Liebsch, D., M. C. M. Marques, and R. Goldenberg. 2008. How long does the Atlantic Rain Forest take to recover after a disturbance? Changes in species composition and ecological features during secondary succession. Biological Conservation 141:1717–1725.
Liebsch et al. (2008) and contained studies;Plants;Broadleaf;NT;Brazil;-25.038;-48.861;350;13;5;yes;Liebsch;2008;Li, S., W. Liu, L. Wang, W. Ma, and L. Song. 2011. Biomass, diversity and composition of epiphytic macrolichens in primary and secondary forests in the subtropical Ailao Mountains, SW China. Forest Ecology and Management.
Luja et al. (2008);Reptiles;Transition;NT;Mexico;18.444;-89.104;150;36;36;no;Luja;2008;Luja, V. H., S. Herrando-Pérez, D. González-Solís, and L. Luiselli. 2008. Secondary Rain Forests are not Havens for Reptile Species in Tropical Mexico. Biotropica 40:747–757.
MacGregor-Fors et al. (2010);Birds;Conifer;NT;Mexico;19.399;-102.245;2750;2;1;no;MacGregor-Fors;2010;MacGregor-Fors, I., A. Blanco-García, and R. Lindig-Cisneros. 2010. Bird community shifts related to different forest restoration efforts: A case study from a managed habitat matrix in Mexico. Ecological Engineering 36:1492–1496.
Majer (1992);Ants;Broadleaf;NT;Brazil;-21.850;-46.567;1250;11;2;yes;Majer;1992;Majer, J. D. 1992. Ant Recolonisation of Rehabilitated Bauxite Mines of Pocos de Caldas, Brazil. Journal of Tropical Ecology 8:97–108.
Marin-Spiotta et al. (2007);Plants;Broadleaf;NT;Puerto Rico;18.017;-66.083;640;15;3;no;Marin-Spiotta;2007;Marín-Spiotta, E., W. L. Silver, and R. Ostertag. 2007. Long-term patterns in tropical reforestation: plant community composition and aboveground biomass accumulation. Ecological Applications 17:828–839.
Marsden (1998);Birds;Broadleaf;IM;Indonesia;-3.283;129.567;300;1;1;no;Marsden;1998;Marsden, S. J. 1998. Changes in bird abundance following selective logging on Seram, Indonesia. Conservation Biology 12:605–611.
McLachlan and Knispel (2005);Plants;Open;NA;Canada;49.867;-97.483;230;9;3;no;McLachlan and Knispel;2005;McLachlan, S. M., and A. L. Knispel. 2005. Assessment of long-term tallgrass prairie restoration in Manitoba, Canada. Biological Conservation 124:75–88.
Medellín and Equihua (1998);NVSM;Broadleaf;NT;Mexico;16.117;-90.933;120;4;4;no;Medellín and Equihua;1998;Medellín, R. A., and M. Equihua. 1998. Mammal species richness and habitat use in rainforest and abandoned agricultural fields in Chiapas, Mexico. Journal of Applied Ecology 35:13–23.
Medellín et al. (2000);Bats;Broadleaf;NT;Mexico;16.117;-90.933;120;3;3;no;Medellín;2000;Medellín, R. A., M. Equihua, and M. A. Amin. 2000. Bat Diversity and Abundance as Indicators of Disturbance in Neotropical Rainforests. Conservation Biology 14:1666–1675.
Michael et al. (2011);Reptiles;Transition;AA;Australia;-35.493;147.308;380;123;77;yes;Michael;2011;Michael, D. R., R. B. Cunningham, and D. B. Lindenmayer. 2011. Regrowth and revegetation in temperate Australia presents a conservation challenge for reptile fauna in agricultural landscapes. Biological Conservation 144:407–415.
Moola and Vasseur (2004);Plants;Conifer;NA;Canada;44.083;-64.767;50;16;9;no;Moola and Vasseur;2004;Moola, F. M., and L. Vasseur. 2004. Recovery of late-seral vascular plants in a chronosequence of post-clearcut forest stands in coastal Nova Scotia, Canada. Plant Ecology 172:183–197.
Nakagawa et al. (2006);NVSM;Broadleaf;IM;Malaysia;4.198;114.043;175;9;5;yes;Nakagawa;2006;Nakagawa, M., H. Miguchi, and T. Nakashizuka. 2006. The effects of various forest uses on small mammal communities in Sarawak, Malaysia. Forest Ecology and Management 231:55–62.
Nicolas et al. (2009);NVSM;Broadleaf;AT;Guinea;8.330;-9.330;800;20;4;yes;Nicolas;2009;Nicolas, V., P. Barrière, A. Tapiero, and M. Colyn. 2009. Shrew species diversity and abundance in Ziama Biosphere Reserve, Guinea: comparison among primary forest, degraded forest and restoration plots. Biodiversity and Conservation 18:2043–2061.
O'Dea and Whittaker (2007)*;Birds;Broadleaf;NT;Ecuador;0.078;-78.684;1800;50;50;yes;O'Dea and Whittaker;2007;O’Dea, N., and R. J. Whittaker. 2007. How resilient are Andean montane forest bird communities to habitat degradation? Biodiversity Conservation 16:1131–1159.
Owiunji and Plumptre (1998);Birds;Transition;AT;Uganda;1.750;31.500;1100;3;2;yes;Owiunji and Plumptre;1998;Owiunji, I., and A. J. Plumptre. 1998. Bird communities in logged and unlogged compartments in Budongo Forest, Uganda. Forest Ecology and Management 108:115–126.
Palladini et al. (2007);Ants;Conifer;NA;United States;42.100;-123.200;1400;4;6;yes;Palladini;2007;Palladini, J. D., M. G. Jones, N. J. Sanders, and E. S. Jules. 2007. The recovery of ant communities in regenerating temperate conifer forests. Forest Ecology and Management 242:619–624.
Parrotta and Knowles (2001);Plants;Broadleaf;NT;Brazil;-1.667;-56.450;180;5;1;no;Parrotta and Knowles;2001;Parrotta, J. A., and O. H. Knowles. 2001. Restoring tropical forests on lands mined for bauxite: Examples from the Brazilian Amazon. Ecological Engineering 17:219–239.
Parry et al. (2007);Large mammals and birds;Broadleaf;NT;Brazil;-0.913;-52.561;40;4;4;no;Parry;2007;Parry, L., J. Barlow, and C. A. Peres. 2007. Large-vertebrate assemblages of primary and secondary forests in the Brazilian Amazon. Journal of Tropical Ecology 23:653–662.
Pascarella et al. (2000);Plants;Broadleaf;NT;Puerto Rico;18.000;-66.100;500;33;4;no;Pascarella;2000;Pascarella, J. B., T. M. Aide, M. I. Serrano, and J. K. Zimmerman. 2000. Land-Use History and Forest Regeneration in the Cayey Mountains, Puerto Rico. Ecosystems 3:217–228.
Patten (1997);NVSM;Open;NA;United States;33.893;-116.573;230;1;1;no;Patten;1997;Patten, M. A. 1997. Reestablishment of a Rodent Community in Restored Desert Scrub. Restoration Ecology 5:156–161.
Pawar et al. (2004);Reptiles and amphibians;Broadleaf;IM;India;22.807;92.566;100;5;3;yes;Pawar;2004;Pawar, S., G. Rawat, and B. Choudhury. 2004. Recovery of frog and lizard communities following primary habitat alteration in Mizoram, Northeast India. BMC Ecology 4:10.
Peh et al. (2005);Birds (forest);Broadleaf;IM;Malaysia;2.100;103.300;300;2;2;yes;Peh;2005;Peh, K. S.-H., J. de Jong, N. S. Sodhi, S. L.-H. Lim, and C. A.-M. Yap. 2005. Lowland rainforest avifauna and human disturbance: persistence of primary forest birds in selectively logged forests and mixed-rural habitats of southern Peninsular Malaysia. Biological Conservation 123:489–505.
Piqueray et al. (2011);Plants;Open;PA;Belgium;50.104;4.910;250;12;8;no;Piqueray;2011;Piqueray, J., G. Bottin, L.-M. Delescaille, E. Bisteau, G. Colinet, and G. Mahy. 2011. Rapid restoration of a species-rich ecosystem assessed from soil and vegetation indicators: The case of calcareous grasslands restored from forest stands. Ecological Indicators 11:724–733.
Powers et al. (2009)*;Plants;Transition;NT;Costa Rica;10.840;85.620;550;22;3;yes;Powers;2009;Powers, J. S., J. M. Becknell, J. Irving, and D. Pèrez-Aviles. 2009. Diversity and structure of regenerating tropical dry forests in Costa Rica: Geographic patterns and environmental drivers. Forest Ecology and Management 258:959–970.
Purata (1986);Plants;Broadleaf;NT;Mexico;18.582;-95.105;450;25;1;no;Purata;1986;Purata, S. E. 1986. Floristic and structural changes during old-field succession in the Mexican tropics in relation to site history and species availability. Journal of Tropical Ecology 2:257–276.
Quintero and Roslin (2005);Beetles;Broadleaf;NT;Brazil;-2.417;-59.833;100;3;3;yes;Quintero and Roslin ;2005;Quintero, I., and T. Roslin. 2005. Rapid recovery of dung beetle communities following habitat fragmentation in central Amazonia. Ecology 86:3303–3311.
Raman (2001);Birds;Broadleaf;IM;India;23.566;92.388;500;10;2;yes;Raman;2001;Raman, T. R. S. 2001. Effect of Slash-and-Burn Shifting Cultivation on Rainforest Birds in Mizoram, Northeast India. Conservation Biology 15:685–698.
Renner et al. (2006);Birds;Broadleaf;IM;Guatemala;15.383;-90.067;2250;6;6;no;Renner;2006;Renner, S. C., M. Waltert, and M. Mühlenberg. 2006. Comparison of bird communities in primary vs. young secondary tropical montane cloud forest in Guatemala. Biodiversity and Conservation 15:1545–1575.
Roth et al. (1994);Ants;Broadleaf;NT;Costa Rica;10.403;-84.021;400;2;2;yes;Roth;1994;Roth, D. S., I. Perfecto, and B. Rathcke. 1994. The Effects of Management Systems on Ground-Foraging Ant Diversity in Costa Rica. Ecological Applications 4:423–436.
Sáfián et al. (2010);Butterflies;Broadleaf;AT;Ghana;5.360;-1.369;180;4;3;yes;Sáfián;2010;Sáfián, S., G. Csontos, and D. Winkler. 2010. Butterfly community recovery in degraded rainforest habitats in the Upper Guinean Forest Zone (Kakum forest, Ghana). Journal of Insect Conservation.
Sarmiento et al. (2003);Plants;Broadleaf;NT;Venezuela;8.581;-70.700;900;115;8;no;Sarmiento;2003;Sarmiento, L., L. D. Llambí, A. Escalona, and N. Marquez. 2003. Vegetation patterns, regeneration rates and divergence in an old-field succession of the high tropical Andes. Plant Ecology 166:145–156.
Schonberg et al. (2004);Ants;Broadleaf;NT;Costa Rica;10.333;-84.750;1450;1;1;no;Schonberg;2004;Schonberg, L. A., J. T. Longino, N. M. Nadkarni, S. P. Yanoviak, and J. C. Gering. 2004. Arboreal Ant Species Richness in Primary Forest, Secondary Forest, and Pasture Habitats of a Tropical Montane Landscape. Biotropica 36:402–409.
Selmants and Knight (2003);Plants;Conifer;NA;United States;41.000;-106.000;2900;30;24;no;Selmants and Knight;2003;Selmants, P. C., and D. H. Knight. 2003. Understory plant species composition 30-50 years after clearcutting in southeastern Wyoming coniferous forests. Forest Ecology and Management 185:275–289.
Shahabuddin et al (2005);Beetles;Broadleaf;IM;Indonesia;-1.422;120.324;1150;4;4;no;Shahabuddin et al;2005;Shahabuddin, C. H. Schulze, and T. Tscharntke. 2005. Changes of dung beetle communities from rainforests towards agroforestry systems and annual cultures in Sulawesi (Indonesia). Biodiversity and Conservation 14:863–877.
Silva et al. (2007);Ants;Broadleaf;NT;Brazil;-27.018;-49.017;575;5;1;no;Silva;2007;Silva, R. R., R. S. Machado Feitosa, and F. Eberhardt. 2007. Reduced ant diversity along a habitat regeneration gradient in the southern Brazilian Atlantic Forest. Forest Ecology and Management 240:61–69.
Sodhi et al. (2005);Birds;Broadleaf;IM;Indonesia;-1.107;120.128;1100;100;100;no;Sodh;2005;Sodhi, N. S., L. P. Koh, D. M. Prawiradilaga, Darjono, I. Tinulele, D. D. Putra, and T. H. Tong Tan. 2005. Land use and conservation value for forest birds in Central Sulawesi (Indonesia). Biological Conservation 122:547–558.
Sorensen and Fedigan (2000);Large mammals;Broadleaf;NT;Costa Rica;10.833;-85.650;150;11;2;yes;Sorensen and Fedigan;2000;Sorensen, T. C., and L. M. Fedigan. 2000. Distribution of three monkey species along a gradient of regenerating tropical dry forest. Biological Conservation 92:227–240.
Stark et al. (2006);Plants;Conifer;NA;Canada;50.700;-120.300;900;21;10;yes;Stark;2006;Stark, K. E., A. Arsenault, and G. E. Bradfield. 2006. Soil seed banks and plant community assembly following disturbance by fire and logging in interior Douglas-fir forests of south-central British Columbia. Canadian Journal of Botany 84:1548–1560.
Stenbacka et al. (2010);Beetles;Conifer;PA;Sweden;63.830;18.295;330;27;18;yes;Stenbacka;2010;Stenbacka, F., J. Hjalten, J. Hilszcza ski, and M. Dynesius. 2010. Saproxylic and non-saproxylic beetle assemblages in boreal spruce forests of different age and forestry intensity. Ecological Applications.
Vallan (2002);Amphibians;Broadleaf;AT;Madagascar;-18.954;48.522;900;2;4;yes;Valla;2002;Vallan, D. 2002. Effects of Anthropogenic Environmental Changes on Amphibian Diversity in the Rain Forests of Eastern Madagascar. Journal of Tropical Ecology 18:725–742.
Vasconcelos (1999);Ants;Broadleaf;NT;Brazil;-2.417;-59.833;80;3;2;yes;Vasconcelos;1999;Vasconcelos, H. L. 1999. Effects of forest disturbance on the structure of ground-foraging ant communities in central Amazonia. Biodiversity and Conservation 8:407–418.
Veddeler et al. (2005);Butterflies;Broadleaf;IM;Indonesia;-1.209;120.142;1100;24;4;no;Veddeler;2005;Veddeler, D., C. H. Schulze, I. Steffan-Dewenter, D. Buchori, and T. Tscharntke. 2005. The Contribution of Tropical Secondary Forest Fragments to the Conservation of Fruit-feeding Butterflies: Effects of Isolation and Age. Biodiversity and Conservation 14:3577–3592.
Waltert et al. (2005);Butterflies;Broadleaf;IM;Indonesia;-1.209;120.142;1000;3;2;yes;Waltert;2005;Waltert, M., A. Mardiastuti, and M. Muehlenberg. 2005. Effects of deforestation and forest modification on understorey birds in Central Sulawesi, Indonesia. Bird conservation international 15:257–273.
Wijesinghe and Brooke (2005);NVSM and birds;Broadleaf;IM;Sri Lanka;6.350;80.350;200;40;20;no;Wijesinghe and Brooke;2005;Wijesinghe, M. R., and M. de L. Brooke. 2005. Impact of Habitat Disturbance on the Distribution of Endemic Species of Small Mammals and Birds in a Tropical Rain Forest in Sri Lanka. Journal of Tropical Ecology 21:661–668.
Willett (2001);Spiders;Broadleaf;NA;United States;37.100;-122.130;520;2;1;no;Willett;2001;Willett, T. R. 2001. Spiders and Other Arthropods as Indicators in Old-Growth Versus Logged Redwood Stands. Restoration Ecology 9:410–420.
Wu et al. (1996);NVSM;Broadleaf;IM;China;22.025;100.871;700;6;7;yes;Wu;1996;Wu, D.-L., J. Luo, and B. J. Fox. 1996. A Comparison of Ground-Dwelling Small Mammal Communities in Primary and Secondary Tropical Rainforests in China. Journal of Tropical Ecology 12:215–230. 
